filename,label
tfds_id_gtzan-music-speech-train-tfrecord-00000-of-00004-0.wav,music
tfds_id_gtzan-music-speech-train-tfrecord-00000-of-00004-1.wav,music
tfds_id_gtzan-music-speech-train-tfrecord-00000-of-00004-2.wav,speech
tfds_id_gtzan-music-speech-train-tfrecord-00000-of-00004-3.wav,music
tfds_id_gtzan-music-speech-train-tfrecord-00000-of-00004-4.wav,music
tfds_id_gtzan-music-speech-train-tfrecord-00000-of-00004-5.wav,speech
tfds_id_gtzan-music-speech-train-tfrecord-00000-of-00004-6.wav,music
tfds_id_gtzan-music-speech-train-tfrecord-00000-of-00004-7.wav,music
tfds_id_gtzan-music-speech-train-tfrecord-00000-of-00004-8.wav,speech
tfds_id_gtzan-music-speech-train-tfrecord-00000-of-00004-9.wav,music
tfds_id_gtzan-music-speech-train-tfrecord-00000-of-00004-10.wav,speech
tfds_id_gtzan-music-speech-train-tfrecord-00000-of-00004-11.wav,music
tfds_id_gtzan-music-speech-train-tfrecord-00000-of-00004-12.wav,speech
tfds_id_gtzan-music-speech-train-tfrecord-00000-of-00004-13.wav,speech
tfds_id_gtzan-music-speech-train-tfrecord-00000-of-00004-14.wav,speech
tfds_id_gtzan-music-speech-train-tfrecord-00000-of-00004-15.wav,music
tfds_id_gtzan-music-speech-train-tfrecord-00001-of-00004-0.wav,speech
tfds_id_gtzan-music-speech-train-tfrecord-00001-of-00004-1.wav,speech
tfds_id_gtzan-music-speech-train-tfrecord-00001-of-00004-2.wav,speech
tfds_id_gtzan-music-speech-train-tfrecord-00001-of-00004-3.wav,speech
tfds_id_gtzan-music-speech-train-tfrecord-00001-of-00004-4.wav,music
tfds_id_gtzan-music-speech-train-tfrecord-00001-of-00004-5.wav,music
tfds_id_gtzan-music-speech-train-tfrecord-00001-of-00004-6.wav,music
tfds_id_gtzan-music-speech-train-tfrecord-00001-of-00004-7.wav,music
tfds_id_gtzan-music-speech-train-tfrecord-00001-of-00004-8.wav,music
tfds_id_gtzan-music-speech-train-tfrecord-00001-of-00004-9.wav,music
tfds_id_gtzan-music-speech-train-tfrecord-00001-of-00004-10.wav,speech
tfds_id_gtzan-music-speech-train-tfrecord-00001-of-00004-11.wav,speech
tfds_id_gtzan-music-speech-train-tfrecord-00001-of-00004-12.wav,speech
tfds_id_gtzan-music-speech-train-tfrecord-00001-of-00004-13.wav,music
tfds_id_gtzan-music-speech-train-tfrecord-00001-of-00004-14.wav,speech
tfds_id_gtzan-music-speech-train-tfrecord-00001-of-00004-15.wav,speech
tfds_id_gtzan-music-speech-train-tfrecord-00002-of-00004-0.wav,speech
tfds_id_gtzan-music-speech-train-tfrecord-00002-of-00004-1.wav,music
tfds_id_gtzan-music-speech-train-tfrecord-00002-of-00004-2.wav,speech
tfds_id_gtzan-music-speech-train-tfrecord-00002-of-00004-3.wav,music
tfds_id_gtzan-music-speech-train-tfrecord-00002-of-00004-4.wav,music
tfds_id_gtzan-music-speech-train-tfrecord-00002-of-00004-5.wav,speech
tfds_id_gtzan-music-speech-train-tfrecord-00002-of-00004-6.wav,music
tfds_id_gtzan-music-speech-train-tfrecord-00002-of-00004-7.wav,speech
tfds_id_gtzan-music-speech-train-tfrecord-00002-of-00004-8.wav,music
tfds_id_gtzan-music-speech-train-tfrecord-00002-of-00004-9.wav,speech
tfds_id_gtzan-music-speech-train-tfrecord-00002-of-00004-10.wav,music
tfds_id_gtzan-music-speech-train-tfrecord-00002-of-00004-11.wav,speech
tfds_id_gtzan-music-speech-train-tfrecord-00002-of-00004-12.wav,music
tfds_id_gtzan-music-speech-train-tfrecord-00002-of-00004-13.wav,speech
tfds_id_gtzan-music-speech-train-tfrecord-00002-of-00004-14.wav,speech
tfds_id_gtzan-music-speech-train-tfrecord-00002-of-00004-15.wav,music
tfds_id_gtzan-music-speech-train-tfrecord-00003-of-00004-0.wav,speech
tfds_id_gtzan-music-speech-train-tfrecord-00003-of-00004-1.wav,speech
tfds_id_gtzan-music-speech-train-tfrecord-00003-of-00004-2.wav,speech
tfds_id_gtzan-music-speech-train-tfrecord-00003-of-00004-3.wav,music
tfds_id_gtzan-music-speech-train-tfrecord-00003-of-00004-4.wav,speech
tfds_id_gtzan-music-speech-train-tfrecord-00003-of-00004-5.wav,speech
tfds_id_gtzan-music-speech-train-tfrecord-00003-of-00004-6.wav,music
tfds_id_gtzan-music-speech-train-tfrecord-00003-of-00004-7.wav,speech
tfds_id_gtzan-music-speech-train-tfrecord-00003-of-00004-8.wav,music
tfds_id_gtzan-music-speech-train-tfrecord-00003-of-00004-9.wav,music
tfds_id_gtzan-music-speech-train-tfrecord-00003-of-00004-10.wav,speech
tfds_id_gtzan-music-speech-train-tfrecord-00003-of-00004-11.wav,music
tfds_id_gtzan-music-speech-train-tfrecord-00003-of-00004-12.wav,speech
tfds_id_gtzan-music-speech-train-tfrecord-00003-of-00004-13.wav,speech
tfds_id_gtzan-music-speech-train-tfrecord-00003-of-00004-14.wav,music
tfds_id_gtzan-music-speech-train-tfrecord-00003-of-00004-15.wav,speech
tfds_id_gtzan-music-speech-train-tfrecord-00000-of-00004-16.wav,speech
tfds_id_gtzan-music-speech-train-tfrecord-00000-of-00004-17.wav,music
tfds_id_gtzan-music-speech-train-tfrecord-00000-of-00004-18.wav,speech
tfds_id_gtzan-music-speech-train-tfrecord-00000-of-00004-19.wav,speech
tfds_id_gtzan-music-speech-train-tfrecord-00000-of-00004-20.wav,music
tfds_id_gtzan-music-speech-train-tfrecord-00000-of-00004-21.wav,music
tfds_id_gtzan-music-speech-train-tfrecord-00000-of-00004-22.wav,speech
tfds_id_gtzan-music-speech-train-tfrecord-00000-of-00004-23.wav,music
tfds_id_gtzan-music-speech-train-tfrecord-00000-of-00004-24.wav,speech
tfds_id_gtzan-music-speech-train-tfrecord-00000-of-00004-25.wav,music
tfds_id_gtzan-music-speech-train-tfrecord-00000-of-00004-26.wav,speech
tfds_id_gtzan-music-speech-train-tfrecord-00000-of-00004-27.wav,speech
tfds_id_gtzan-music-speech-train-tfrecord-00000-of-00004-28.wav,speech
tfds_id_gtzan-music-speech-train-tfrecord-00000-of-00004-29.wav,speech
tfds_id_gtzan-music-speech-train-tfrecord-00000-of-00004-30.wav,speech
tfds_id_gtzan-music-speech-train-tfrecord-00000-of-00004-31.wav,speech
tfds_id_gtzan-music-speech-train-tfrecord-00001-of-00004-16.wav,music
tfds_id_gtzan-music-speech-train-tfrecord-00001-of-00004-17.wav,music
tfds_id_gtzan-music-speech-train-tfrecord-00001-of-00004-18.wav,music
tfds_id_gtzan-music-speech-train-tfrecord-00001-of-00004-19.wav,music
tfds_id_gtzan-music-speech-train-tfrecord-00001-of-00004-20.wav,music
tfds_id_gtzan-music-speech-train-tfrecord-00001-of-00004-21.wav,music
tfds_id_gtzan-music-speech-train-tfrecord-00001-of-00004-22.wav,speech
tfds_id_gtzan-music-speech-train-tfrecord-00001-of-00004-23.wav,speech
tfds_id_gtzan-music-speech-train-tfrecord-00001-of-00004-24.wav,music
tfds_id_gtzan-music-speech-train-tfrecord-00001-of-00004-25.wav,speech
tfds_id_gtzan-music-speech-train-tfrecord-00001-of-00004-26.wav,music
tfds_id_gtzan-music-speech-train-tfrecord-00001-of-00004-27.wav,speech
tfds_id_gtzan-music-speech-train-tfrecord-00001-of-00004-28.wav,music
tfds_id_gtzan-music-speech-train-tfrecord-00001-of-00004-29.wav,music
tfds_id_gtzan-music-speech-train-tfrecord-00001-of-00004-30.wav,speech
tfds_id_gtzan-music-speech-train-tfrecord-00001-of-00004-31.wav,music
tfds_id_gtzan-music-speech-train-tfrecord-00002-of-00004-16.wav,music
tfds_id_gtzan-music-speech-train-tfrecord-00002-of-00004-17.wav,speech
tfds_id_gtzan-music-speech-train-tfrecord-00002-of-00004-18.wav,speech
tfds_id_gtzan-music-speech-train-tfrecord-00002-of-00004-19.wav,speech
tfds_id_gtzan-music-speech-train-tfrecord-00002-of-00004-20.wav,music
tfds_id_gtzan-music-speech-train-tfrecord-00002-of-00004-21.wav,music
tfds_id_gtzan-music-speech-train-tfrecord-00002-of-00004-22.wav,speech
tfds_id_gtzan-music-speech-train-tfrecord-00002-of-00004-23.wav,music
tfds_id_gtzan-music-speech-train-tfrecord-00002-of-00004-24.wav,speech
tfds_id_gtzan-music-speech-train-tfrecord-00002-of-00004-25.wav,music
tfds_id_gtzan-music-speech-train-tfrecord-00002-of-00004-26.wav,music
tfds_id_gtzan-music-speech-train-tfrecord-00002-of-00004-27.wav,speech
tfds_id_gtzan-music-speech-train-tfrecord-00002-of-00004-28.wav,music
tfds_id_gtzan-music-speech-train-tfrecord-00002-of-00004-29.wav,speech
tfds_id_gtzan-music-speech-train-tfrecord-00002-of-00004-30.wav,speech
tfds_id_gtzan-music-speech-train-tfrecord-00002-of-00004-31.wav,speech
tfds_id_gtzan-music-speech-train-tfrecord-00003-of-00004-16.wav,speech
tfds_id_gtzan-music-speech-train-tfrecord-00003-of-00004-17.wav,music
tfds_id_gtzan-music-speech-train-tfrecord-00003-of-00004-18.wav,music
tfds_id_gtzan-music-speech-train-tfrecord-00003-of-00004-19.wav,music
tfds_id_gtzan-music-speech-train-tfrecord-00003-of-00004-20.wav,speech
tfds_id_gtzan-music-speech-train-tfrecord-00003-of-00004-21.wav,music
tfds_id_gtzan-music-speech-train-tfrecord-00003-of-00004-22.wav,speech
tfds_id_gtzan-music-speech-train-tfrecord-00003-of-00004-23.wav,speech
tfds_id_gtzan-music-speech-train-tfrecord-00003-of-00004-24.wav,music
tfds_id_gtzan-music-speech-train-tfrecord-00003-of-00004-25.wav,music
tfds_id_gtzan-music-speech-train-tfrecord-00003-of-00004-26.wav,music
tfds_id_gtzan-music-speech-train-tfrecord-00003-of-00004-27.wav,music
tfds_id_gtzan-music-speech-train-tfrecord-00003-of-00004-28.wav,speech
tfds_id_gtzan-music-speech-train-tfrecord-00003-of-00004-29.wav,music
tfds_id_gtzan-music-speech-train-tfrecord-00003-of-00004-30.wav,music
tfds_id_gtzan-music-speech-train-tfrecord-00003-of-00004-31.wav,music
