filename,label
tfds_id_gtzan-train-tfrecord-00000-of-00032-0.wav,pop
tfds_id_gtzan-train-tfrecord-00000-of-00032-1.wav,classical
tfds_id_gtzan-train-tfrecord-00000-of-00032-2.wav,metal
tfds_id_gtzan-train-tfrecord-00000-of-00032-3.wav,rock
tfds_id_gtzan-train-tfrecord-00000-of-00032-4.wav,classical
tfds_id_gtzan-train-tfrecord-00000-of-00032-5.wav,classical
tfds_id_gtzan-train-tfrecord-00000-of-00032-6.wav,country
tfds_id_gtzan-train-tfrecord-00000-of-00032-7.wav,rock
tfds_id_gtzan-train-tfrecord-00000-of-00032-8.wav,metal
tfds_id_gtzan-train-tfrecord-00000-of-00032-9.wav,hiphop
tfds_id_gtzan-train-tfrecord-00000-of-00032-10.wav,disco
tfds_id_gtzan-train-tfrecord-00000-of-00032-11.wav,reggae
tfds_id_gtzan-train-tfrecord-00000-of-00032-12.wav,reggae
tfds_id_gtzan-train-tfrecord-00000-of-00032-13.wav,rock
tfds_id_gtzan-train-tfrecord-00000-of-00032-14.wav,country
tfds_id_gtzan-train-tfrecord-00000-of-00032-15.wav,jazz
tfds_id_gtzan-train-tfrecord-00001-of-00032-0.wav,pop
tfds_id_gtzan-train-tfrecord-00001-of-00032-1.wav,disco
tfds_id_gtzan-train-tfrecord-00001-of-00032-2.wav,classical
tfds_id_gtzan-train-tfrecord-00001-of-00032-3.wav,rock
tfds_id_gtzan-train-tfrecord-00001-of-00032-4.wav,disco
tfds_id_gtzan-train-tfrecord-00001-of-00032-5.wav,pop
tfds_id_gtzan-train-tfrecord-00001-of-00032-6.wav,country
tfds_id_gtzan-train-tfrecord-00001-of-00032-7.wav,pop
tfds_id_gtzan-train-tfrecord-00001-of-00032-8.wav,pop
tfds_id_gtzan-train-tfrecord-00001-of-00032-9.wav,metal
tfds_id_gtzan-train-tfrecord-00001-of-00032-10.wav,country
tfds_id_gtzan-train-tfrecord-00001-of-00032-11.wav,rock
tfds_id_gtzan-train-tfrecord-00001-of-00032-12.wav,country
tfds_id_gtzan-train-tfrecord-00001-of-00032-13.wav,metal
tfds_id_gtzan-train-tfrecord-00001-of-00032-14.wav,blues
tfds_id_gtzan-train-tfrecord-00001-of-00032-15.wav,classical
tfds_id_gtzan-train-tfrecord-00002-of-00032-0.wav,pop
tfds_id_gtzan-train-tfrecord-00002-of-00032-1.wav,metal
tfds_id_gtzan-train-tfrecord-00002-of-00032-2.wav,jazz
tfds_id_gtzan-train-tfrecord-00002-of-00032-3.wav,country
tfds_id_gtzan-train-tfrecord-00002-of-00032-4.wav,disco
tfds_id_gtzan-train-tfrecord-00002-of-00032-5.wav,metal
tfds_id_gtzan-train-tfrecord-00002-of-00032-6.wav,hiphop
tfds_id_gtzan-train-tfrecord-00002-of-00032-7.wav,pop
tfds_id_gtzan-train-tfrecord-00002-of-00032-8.wav,jazz
tfds_id_gtzan-train-tfrecord-00002-of-00032-9.wav,pop
tfds_id_gtzan-train-tfrecord-00002-of-00032-10.wav,disco
tfds_id_gtzan-train-tfrecord-00002-of-00032-11.wav,pop
tfds_id_gtzan-train-tfrecord-00002-of-00032-12.wav,jazz
tfds_id_gtzan-train-tfrecord-00002-of-00032-13.wav,metal
tfds_id_gtzan-train-tfrecord-00002-of-00032-14.wav,reggae
tfds_id_gtzan-train-tfrecord-00002-of-00032-15.wav,blues
tfds_id_gtzan-train-tfrecord-00003-of-00032-0.wav,reggae
tfds_id_gtzan-train-tfrecord-00003-of-00032-1.wav,country
tfds_id_gtzan-train-tfrecord-00003-of-00032-2.wav,country
tfds_id_gtzan-train-tfrecord-00003-of-00032-3.wav,hiphop
tfds_id_gtzan-train-tfrecord-00003-of-00032-4.wav,disco
tfds_id_gtzan-train-tfrecord-00003-of-00032-5.wav,pop
tfds_id_gtzan-train-tfrecord-00003-of-00032-6.wav,country
tfds_id_gtzan-train-tfrecord-00003-of-00032-7.wav,jazz
tfds_id_gtzan-train-tfrecord-00003-of-00032-8.wav,pop
tfds_id_gtzan-train-tfrecord-00003-of-00032-9.wav,hiphop
tfds_id_gtzan-train-tfrecord-00003-of-00032-10.wav,rock
tfds_id_gtzan-train-tfrecord-00003-of-00032-11.wav,blues
tfds_id_gtzan-train-tfrecord-00003-of-00032-12.wav,pop
tfds_id_gtzan-train-tfrecord-00003-of-00032-13.wav,pop
tfds_id_gtzan-train-tfrecord-00003-of-00032-14.wav,reggae
tfds_id_gtzan-train-tfrecord-00003-of-00032-15.wav,metal
tfds_id_gtzan-train-tfrecord-00004-of-00032-0.wav,reggae
tfds_id_gtzan-train-tfrecord-00004-of-00032-1.wav,blues
tfds_id_gtzan-train-tfrecord-00004-of-00032-2.wav,hiphop
tfds_id_gtzan-train-tfrecord-00004-of-00032-3.wav,hiphop
tfds_id_gtzan-train-tfrecord-00004-of-00032-4.wav,rock
tfds_id_gtzan-train-tfrecord-00004-of-00032-5.wav,reggae
tfds_id_gtzan-train-tfrecord-00004-of-00032-6.wav,reggae
tfds_id_gtzan-train-tfrecord-00004-of-00032-7.wav,pop
tfds_id_gtzan-train-tfrecord-00004-of-00032-8.wav,jazz
tfds_id_gtzan-train-tfrecord-00004-of-00032-9.wav,reggae
tfds_id_gtzan-train-tfrecord-00004-of-00032-10.wav,jazz
tfds_id_gtzan-train-tfrecord-00004-of-00032-11.wav,classical
tfds_id_gtzan-train-tfrecord-00004-of-00032-12.wav,jazz
tfds_id_gtzan-train-tfrecord-00004-of-00032-13.wav,metal
tfds_id_gtzan-train-tfrecord-00004-of-00032-14.wav,pop
tfds_id_gtzan-train-tfrecord-00004-of-00032-15.wav,hiphop
tfds_id_gtzan-train-tfrecord-00005-of-00032-0.wav,rock
tfds_id_gtzan-train-tfrecord-00005-of-00032-1.wav,metal
tfds_id_gtzan-train-tfrecord-00005-of-00032-2.wav,blues
tfds_id_gtzan-train-tfrecord-00005-of-00032-3.wav,reggae
tfds_id_gtzan-train-tfrecord-00005-of-00032-4.wav,jazz
tfds_id_gtzan-train-tfrecord-00005-of-00032-5.wav,reggae
tfds_id_gtzan-train-tfrecord-00005-of-00032-6.wav,pop
tfds_id_gtzan-train-tfrecord-00005-of-00032-7.wav,disco
tfds_id_gtzan-train-tfrecord-00005-of-00032-8.wav,jazz
tfds_id_gtzan-train-tfrecord-00005-of-00032-9.wav,jazz
tfds_id_gtzan-train-tfrecord-00005-of-00032-10.wav,reggae
tfds_id_gtzan-train-tfrecord-00005-of-00032-11.wav,blues
tfds_id_gtzan-train-tfrecord-00005-of-00032-12.wav,reggae
tfds_id_gtzan-train-tfrecord-00005-of-00032-13.wav,metal
tfds_id_gtzan-train-tfrecord-00005-of-00032-14.wav,rock
tfds_id_gtzan-train-tfrecord-00005-of-00032-15.wav,jazz
tfds_id_gtzan-train-tfrecord-00006-of-00032-0.wav,blues
tfds_id_gtzan-train-tfrecord-00006-of-00032-1.wav,rock
tfds_id_gtzan-train-tfrecord-00006-of-00032-2.wav,pop
tfds_id_gtzan-train-tfrecord-00006-of-00032-3.wav,hiphop
tfds_id_gtzan-train-tfrecord-00006-of-00032-4.wav,disco
tfds_id_gtzan-train-tfrecord-00006-of-00032-5.wav,hiphop
tfds_id_gtzan-train-tfrecord-00006-of-00032-6.wav,blues
tfds_id_gtzan-train-tfrecord-00006-of-00032-7.wav,hiphop
tfds_id_gtzan-train-tfrecord-00006-of-00032-8.wav,rock
tfds_id_gtzan-train-tfrecord-00006-of-00032-9.wav,reggae
tfds_id_gtzan-train-tfrecord-00006-of-00032-10.wav,disco
tfds_id_gtzan-train-tfrecord-00006-of-00032-11.wav,pop
tfds_id_gtzan-train-tfrecord-00006-of-00032-12.wav,blues
tfds_id_gtzan-train-tfrecord-00006-of-00032-13.wav,blues
tfds_id_gtzan-train-tfrecord-00006-of-00032-14.wav,jazz
tfds_id_gtzan-train-tfrecord-00006-of-00032-15.wav,jazz
tfds_id_gtzan-train-tfrecord-00007-of-00032-0.wav,country
tfds_id_gtzan-train-tfrecord-00007-of-00032-1.wav,country
tfds_id_gtzan-train-tfrecord-00007-of-00032-2.wav,metal
tfds_id_gtzan-train-tfrecord-00007-of-00032-3.wav,classical
tfds_id_gtzan-train-tfrecord-00007-of-00032-4.wav,blues
tfds_id_gtzan-train-tfrecord-00007-of-00032-5.wav,disco
tfds_id_gtzan-train-tfrecord-00007-of-00032-6.wav,rock
tfds_id_gtzan-train-tfrecord-00007-of-00032-7.wav,pop
tfds_id_gtzan-train-tfrecord-00007-of-00032-8.wav,disco
tfds_id_gtzan-train-tfrecord-00007-of-00032-9.wav,reggae
tfds_id_gtzan-train-tfrecord-00007-of-00032-10.wav,country
tfds_id_gtzan-train-tfrecord-00007-of-00032-11.wav,rock
tfds_id_gtzan-train-tfrecord-00007-of-00032-12.wav,disco
tfds_id_gtzan-train-tfrecord-00007-of-00032-13.wav,hiphop
tfds_id_gtzan-train-tfrecord-00007-of-00032-14.wav,jazz
tfds_id_gtzan-train-tfrecord-00007-of-00032-15.wav,country
tfds_id_gtzan-train-tfrecord-00008-of-00032-0.wav,classical
tfds_id_gtzan-train-tfrecord-00008-of-00032-1.wav,disco
tfds_id_gtzan-train-tfrecord-00008-of-00032-2.wav,disco
tfds_id_gtzan-train-tfrecord-00008-of-00032-3.wav,metal
tfds_id_gtzan-train-tfrecord-00008-of-00032-4.wav,pop
tfds_id_gtzan-train-tfrecord-00008-of-00032-5.wav,disco
tfds_id_gtzan-train-tfrecord-00008-of-00032-6.wav,blues
tfds_id_gtzan-train-tfrecord-00008-of-00032-7.wav,reggae
tfds_id_gtzan-train-tfrecord-00008-of-00032-8.wav,pop
tfds_id_gtzan-train-tfrecord-00008-of-00032-9.wav,reggae
tfds_id_gtzan-train-tfrecord-00008-of-00032-10.wav,jazz
tfds_id_gtzan-train-tfrecord-00008-of-00032-11.wav,pop
tfds_id_gtzan-train-tfrecord-00008-of-00032-12.wav,reggae
tfds_id_gtzan-train-tfrecord-00008-of-00032-13.wav,country
tfds_id_gtzan-train-tfrecord-00008-of-00032-14.wav,metal
tfds_id_gtzan-train-tfrecord-00008-of-00032-15.wav,disco
tfds_id_gtzan-train-tfrecord-00009-of-00032-0.wav,metal
tfds_id_gtzan-train-tfrecord-00009-of-00032-1.wav,jazz
tfds_id_gtzan-train-tfrecord-00009-of-00032-2.wav,hiphop
tfds_id_gtzan-train-tfrecord-00009-of-00032-3.wav,country
tfds_id_gtzan-train-tfrecord-00009-of-00032-4.wav,classical
tfds_id_gtzan-train-tfrecord-00009-of-00032-5.wav,jazz
tfds_id_gtzan-train-tfrecord-00009-of-00032-6.wav,hiphop
tfds_id_gtzan-train-tfrecord-00009-of-00032-7.wav,metal
tfds_id_gtzan-train-tfrecord-00009-of-00032-8.wav,rock
tfds_id_gtzan-train-tfrecord-00009-of-00032-9.wav,metal
tfds_id_gtzan-train-tfrecord-00009-of-00032-10.wav,country
tfds_id_gtzan-train-tfrecord-00009-of-00032-11.wav,disco
tfds_id_gtzan-train-tfrecord-00009-of-00032-12.wav,reggae
tfds_id_gtzan-train-tfrecord-00009-of-00032-13.wav,classical
tfds_id_gtzan-train-tfrecord-00009-of-00032-14.wav,pop
tfds_id_gtzan-train-tfrecord-00009-of-00032-15.wav,rock
tfds_id_gtzan-train-tfrecord-00010-of-00032-0.wav,hiphop
tfds_id_gtzan-train-tfrecord-00010-of-00032-1.wav,country
tfds_id_gtzan-train-tfrecord-00010-of-00032-2.wav,jazz
tfds_id_gtzan-train-tfrecord-00010-of-00032-3.wav,jazz
tfds_id_gtzan-train-tfrecord-00010-of-00032-4.wav,country
tfds_id_gtzan-train-tfrecord-00010-of-00032-5.wav,hiphop
tfds_id_gtzan-train-tfrecord-00010-of-00032-6.wav,rock
tfds_id_gtzan-train-tfrecord-00010-of-00032-7.wav,reggae
tfds_id_gtzan-train-tfrecord-00010-of-00032-8.wav,rock
tfds_id_gtzan-train-tfrecord-00010-of-00032-9.wav,blues
tfds_id_gtzan-train-tfrecord-00010-of-00032-10.wav,reggae
tfds_id_gtzan-train-tfrecord-00010-of-00032-11.wav,blues
tfds_id_gtzan-train-tfrecord-00010-of-00032-12.wav,pop
tfds_id_gtzan-train-tfrecord-00010-of-00032-13.wav,blues
tfds_id_gtzan-train-tfrecord-00010-of-00032-14.wav,jazz
tfds_id_gtzan-train-tfrecord-00010-of-00032-15.wav,country
tfds_id_gtzan-train-tfrecord-00011-of-00032-0.wav,classical
tfds_id_gtzan-train-tfrecord-00011-of-00032-1.wav,jazz
tfds_id_gtzan-train-tfrecord-00011-of-00032-2.wav,pop
tfds_id_gtzan-train-tfrecord-00011-of-00032-3.wav,disco
tfds_id_gtzan-train-tfrecord-00011-of-00032-4.wav,hiphop
tfds_id_gtzan-train-tfrecord-00011-of-00032-5.wav,country
tfds_id_gtzan-train-tfrecord-00011-of-00032-6.wav,reggae
tfds_id_gtzan-train-tfrecord-00011-of-00032-7.wav,metal
tfds_id_gtzan-train-tfrecord-00011-of-00032-8.wav,reggae
tfds_id_gtzan-train-tfrecord-00011-of-00032-9.wav,pop
tfds_id_gtzan-train-tfrecord-00011-of-00032-10.wav,blues
tfds_id_gtzan-train-tfrecord-00011-of-00032-11.wav,disco
tfds_id_gtzan-train-tfrecord-00011-of-00032-12.wav,reggae
tfds_id_gtzan-train-tfrecord-00011-of-00032-13.wav,disco
tfds_id_gtzan-train-tfrecord-00011-of-00032-14.wav,country
tfds_id_gtzan-train-tfrecord-00011-of-00032-15.wav,blues
tfds_id_gtzan-train-tfrecord-00012-of-00032-0.wav,metal
tfds_id_gtzan-train-tfrecord-00012-of-00032-1.wav,classical
tfds_id_gtzan-train-tfrecord-00012-of-00032-2.wav,hiphop
tfds_id_gtzan-train-tfrecord-00012-of-00032-3.wav,rock
tfds_id_gtzan-train-tfrecord-00012-of-00032-4.wav,jazz
tfds_id_gtzan-train-tfrecord-00012-of-00032-5.wav,metal
tfds_id_gtzan-train-tfrecord-00012-of-00032-6.wav,pop
tfds_id_gtzan-train-tfrecord-00012-of-00032-7.wav,blues
tfds_id_gtzan-train-tfrecord-00012-of-00032-8.wav,disco
tfds_id_gtzan-train-tfrecord-00012-of-00032-9.wav,metal
tfds_id_gtzan-train-tfrecord-00012-of-00032-10.wav,reggae
tfds_id_gtzan-train-tfrecord-00012-of-00032-11.wav,blues
tfds_id_gtzan-train-tfrecord-00012-of-00032-12.wav,metal
tfds_id_gtzan-train-tfrecord-00012-of-00032-13.wav,country
tfds_id_gtzan-train-tfrecord-00012-of-00032-14.wav,reggae
tfds_id_gtzan-train-tfrecord-00012-of-00032-15.wav,pop
tfds_id_gtzan-train-tfrecord-00013-of-00032-0.wav,rock
tfds_id_gtzan-train-tfrecord-00013-of-00032-1.wav,hiphop
tfds_id_gtzan-train-tfrecord-00013-of-00032-2.wav,metal
tfds_id_gtzan-train-tfrecord-00013-of-00032-3.wav,hiphop
tfds_id_gtzan-train-tfrecord-00013-of-00032-4.wav,reggae
tfds_id_gtzan-train-tfrecord-00013-of-00032-5.wav,country
tfds_id_gtzan-train-tfrecord-00013-of-00032-6.wav,rock
tfds_id_gtzan-train-tfrecord-00013-of-00032-7.wav,rock
tfds_id_gtzan-train-tfrecord-00013-of-00032-8.wav,rock
tfds_id_gtzan-train-tfrecord-00013-of-00032-9.wav,blues
tfds_id_gtzan-train-tfrecord-00013-of-00032-10.wav,metal
tfds_id_gtzan-train-tfrecord-00013-of-00032-11.wav,country
tfds_id_gtzan-train-tfrecord-00013-of-00032-12.wav,classical
tfds_id_gtzan-train-tfrecord-00013-of-00032-13.wav,jazz
tfds_id_gtzan-train-tfrecord-00013-of-00032-14.wav,disco
tfds_id_gtzan-train-tfrecord-00013-of-00032-15.wav,disco
tfds_id_gtzan-train-tfrecord-00014-of-00032-0.wav,classical
tfds_id_gtzan-train-tfrecord-00014-of-00032-1.wav,country
tfds_id_gtzan-train-tfrecord-00014-of-00032-2.wav,classical
tfds_id_gtzan-train-tfrecord-00014-of-00032-3.wav,country
tfds_id_gtzan-train-tfrecord-00014-of-00032-4.wav,country
tfds_id_gtzan-train-tfrecord-00014-of-00032-5.wav,classical
tfds_id_gtzan-train-tfrecord-00014-of-00032-6.wav,country
tfds_id_gtzan-train-tfrecord-00014-of-00032-7.wav,disco
tfds_id_gtzan-train-tfrecord-00014-of-00032-8.wav,rock
tfds_id_gtzan-train-tfrecord-00014-of-00032-9.wav,reggae
tfds_id_gtzan-train-tfrecord-00014-of-00032-10.wav,blues
tfds_id_gtzan-train-tfrecord-00014-of-00032-11.wav,country
tfds_id_gtzan-train-tfrecord-00014-of-00032-12.wav,classical
tfds_id_gtzan-train-tfrecord-00014-of-00032-13.wav,country
tfds_id_gtzan-train-tfrecord-00014-of-00032-14.wav,hiphop
tfds_id_gtzan-train-tfrecord-00014-of-00032-15.wav,metal
tfds_id_gtzan-train-tfrecord-00015-of-00032-0.wav,blues
tfds_id_gtzan-train-tfrecord-00015-of-00032-1.wav,classical
tfds_id_gtzan-train-tfrecord-00015-of-00032-2.wav,classical
tfds_id_gtzan-train-tfrecord-00015-of-00032-3.wav,blues
tfds_id_gtzan-train-tfrecord-00015-of-00032-4.wav,blues
tfds_id_gtzan-train-tfrecord-00015-of-00032-5.wav,rock
tfds_id_gtzan-train-tfrecord-00015-of-00032-6.wav,reggae
tfds_id_gtzan-train-tfrecord-00015-of-00032-7.wav,reggae
tfds_id_gtzan-train-tfrecord-00015-of-00032-8.wav,jazz
tfds_id_gtzan-train-tfrecord-00015-of-00032-9.wav,jazz
tfds_id_gtzan-train-tfrecord-00015-of-00032-10.wav,metal
tfds_id_gtzan-train-tfrecord-00015-of-00032-11.wav,classical
tfds_id_gtzan-train-tfrecord-00015-of-00032-12.wav,rock
tfds_id_gtzan-train-tfrecord-00015-of-00032-13.wav,classical
tfds_id_gtzan-train-tfrecord-00015-of-00032-14.wav,jazz
tfds_id_gtzan-train-tfrecord-00015-of-00032-15.wav,pop
tfds_id_gtzan-train-tfrecord-00000-of-00032-16.wav,country
tfds_id_gtzan-train-tfrecord-00000-of-00032-17.wav,rock
tfds_id_gtzan-train-tfrecord-00000-of-00032-18.wav,jazz
tfds_id_gtzan-train-tfrecord-00000-of-00032-19.wav,hiphop
tfds_id_gtzan-train-tfrecord-00000-of-00032-20.wav,pop
tfds_id_gtzan-train-tfrecord-00000-of-00032-21.wav,hiphop
tfds_id_gtzan-train-tfrecord-00000-of-00032-22.wav,disco
tfds_id_gtzan-train-tfrecord-00000-of-00032-23.wav,disco
tfds_id_gtzan-train-tfrecord-00000-of-00032-24.wav,disco
tfds_id_gtzan-train-tfrecord-00000-of-00032-25.wav,metal
tfds_id_gtzan-train-tfrecord-00000-of-00032-26.wav,metal
tfds_id_gtzan-train-tfrecord-00000-of-00032-27.wav,metal
tfds_id_gtzan-train-tfrecord-00000-of-00032-28.wav,country
tfds_id_gtzan-train-tfrecord-00000-of-00032-29.wav,blues
tfds_id_gtzan-train-tfrecord-00000-of-00032-30.wav,reggae
tfds_id_gtzan-train-tfrecord-00001-of-00032-16.wav,disco
tfds_id_gtzan-train-tfrecord-00001-of-00032-17.wav,country
tfds_id_gtzan-train-tfrecord-00001-of-00032-18.wav,country
tfds_id_gtzan-train-tfrecord-00001-of-00032-19.wav,metal
tfds_id_gtzan-train-tfrecord-00001-of-00032-20.wav,hiphop
tfds_id_gtzan-train-tfrecord-00001-of-00032-21.wav,metal
tfds_id_gtzan-train-tfrecord-00001-of-00032-22.wav,hiphop
tfds_id_gtzan-train-tfrecord-00001-of-00032-23.wav,metal
tfds_id_gtzan-train-tfrecord-00001-of-00032-24.wav,disco
tfds_id_gtzan-train-tfrecord-00001-of-00032-25.wav,hiphop
tfds_id_gtzan-train-tfrecord-00001-of-00032-26.wav,classical
tfds_id_gtzan-train-tfrecord-00001-of-00032-27.wav,classical
tfds_id_gtzan-train-tfrecord-00001-of-00032-28.wav,pop
tfds_id_gtzan-train-tfrecord-00001-of-00032-29.wav,reggae
tfds_id_gtzan-train-tfrecord-00001-of-00032-30.wav,reggae
tfds_id_gtzan-train-tfrecord-00002-of-00032-16.wav,hiphop
tfds_id_gtzan-train-tfrecord-00002-of-00032-17.wav,jazz
tfds_id_gtzan-train-tfrecord-00002-of-00032-18.wav,blues
tfds_id_gtzan-train-tfrecord-00002-of-00032-19.wav,country
tfds_id_gtzan-train-tfrecord-00002-of-00032-20.wav,metal
tfds_id_gtzan-train-tfrecord-00002-of-00032-21.wav,disco
tfds_id_gtzan-train-tfrecord-00002-of-00032-22.wav,blues
tfds_id_gtzan-train-tfrecord-00002-of-00032-23.wav,hiphop
tfds_id_gtzan-train-tfrecord-00002-of-00032-24.wav,hiphop
tfds_id_gtzan-train-tfrecord-00002-of-00032-25.wav,blues
tfds_id_gtzan-train-tfrecord-00002-of-00032-26.wav,reggae
tfds_id_gtzan-train-tfrecord-00002-of-00032-27.wav,blues
tfds_id_gtzan-train-tfrecord-00002-of-00032-28.wav,blues
tfds_id_gtzan-train-tfrecord-00002-of-00032-29.wav,reggae
tfds_id_gtzan-train-tfrecord-00002-of-00032-30.wav,metal
tfds_id_gtzan-train-tfrecord-00002-of-00032-31.wav,rock
tfds_id_gtzan-train-tfrecord-00003-of-00032-16.wav,jazz
tfds_id_gtzan-train-tfrecord-00003-of-00032-17.wav,pop
tfds_id_gtzan-train-tfrecord-00003-of-00032-18.wav,jazz
tfds_id_gtzan-train-tfrecord-00003-of-00032-19.wav,jazz
tfds_id_gtzan-train-tfrecord-00003-of-00032-20.wav,classical
tfds_id_gtzan-train-tfrecord-00003-of-00032-21.wav,jazz
tfds_id_gtzan-train-tfrecord-00003-of-00032-22.wav,disco
tfds_id_gtzan-train-tfrecord-00003-of-00032-23.wav,jazz
tfds_id_gtzan-train-tfrecord-00003-of-00032-24.wav,pop
tfds_id_gtzan-train-tfrecord-00003-of-00032-25.wav,pop
tfds_id_gtzan-train-tfrecord-00003-of-00032-26.wav,jazz
tfds_id_gtzan-train-tfrecord-00003-of-00032-27.wav,hiphop
tfds_id_gtzan-train-tfrecord-00003-of-00032-28.wav,reggae
tfds_id_gtzan-train-tfrecord-00003-of-00032-29.wav,metal
tfds_id_gtzan-train-tfrecord-00003-of-00032-30.wav,reggae
tfds_id_gtzan-train-tfrecord-00004-of-00032-16.wav,classical
tfds_id_gtzan-train-tfrecord-00004-of-00032-17.wav,disco
tfds_id_gtzan-train-tfrecord-00004-of-00032-18.wav,classical
tfds_id_gtzan-train-tfrecord-00004-of-00032-19.wav,hiphop
tfds_id_gtzan-train-tfrecord-00004-of-00032-20.wav,hiphop
tfds_id_gtzan-train-tfrecord-00004-of-00032-21.wav,blues
tfds_id_gtzan-train-tfrecord-00004-of-00032-22.wav,country
tfds_id_gtzan-train-tfrecord-00004-of-00032-23.wav,hiphop
tfds_id_gtzan-train-tfrecord-00004-of-00032-24.wav,classical
tfds_id_gtzan-train-tfrecord-00004-of-00032-25.wav,reggae
tfds_id_gtzan-train-tfrecord-00004-of-00032-26.wav,reggae
tfds_id_gtzan-train-tfrecord-00004-of-00032-27.wav,metal
tfds_id_gtzan-train-tfrecord-00004-of-00032-28.wav,reggae
tfds_id_gtzan-train-tfrecord-00004-of-00032-29.wav,reggae
tfds_id_gtzan-train-tfrecord-00004-of-00032-30.wav,hiphop
tfds_id_gtzan-train-tfrecord-00005-of-00032-16.wav,rock
tfds_id_gtzan-train-tfrecord-00005-of-00032-17.wav,reggae
tfds_id_gtzan-train-tfrecord-00005-of-00032-18.wav,rock
tfds_id_gtzan-train-tfrecord-00005-of-00032-19.wav,hiphop
tfds_id_gtzan-train-tfrecord-00005-of-00032-20.wav,rock
tfds_id_gtzan-train-tfrecord-00005-of-00032-21.wav,metal
tfds_id_gtzan-train-tfrecord-00005-of-00032-22.wav,rock
tfds_id_gtzan-train-tfrecord-00005-of-00032-23.wav,metal
tfds_id_gtzan-train-tfrecord-00005-of-00032-24.wav,disco
tfds_id_gtzan-train-tfrecord-00005-of-00032-25.wav,hiphop
tfds_id_gtzan-train-tfrecord-00005-of-00032-26.wav,rock
tfds_id_gtzan-train-tfrecord-00005-of-00032-27.wav,rock
tfds_id_gtzan-train-tfrecord-00005-of-00032-28.wav,country
tfds_id_gtzan-train-tfrecord-00005-of-00032-29.wav,classical
tfds_id_gtzan-train-tfrecord-00005-of-00032-30.wav,hiphop
tfds_id_gtzan-train-tfrecord-00005-of-00032-31.wav,pop
tfds_id_gtzan-train-tfrecord-00006-of-00032-16.wav,country
tfds_id_gtzan-train-tfrecord-00006-of-00032-17.wav,country
tfds_id_gtzan-train-tfrecord-00006-of-00032-18.wav,hiphop
tfds_id_gtzan-train-tfrecord-00006-of-00032-19.wav,blues
tfds_id_gtzan-train-tfrecord-00006-of-00032-20.wav,country
tfds_id_gtzan-train-tfrecord-00006-of-00032-21.wav,disco
tfds_id_gtzan-train-tfrecord-00006-of-00032-22.wav,jazz
tfds_id_gtzan-train-tfrecord-00006-of-00032-23.wav,classical
tfds_id_gtzan-train-tfrecord-00006-of-00032-24.wav,jazz
tfds_id_gtzan-train-tfrecord-00006-of-00032-25.wav,metal
tfds_id_gtzan-train-tfrecord-00006-of-00032-26.wav,rock
tfds_id_gtzan-train-tfrecord-00006-of-00032-27.wav,rock
tfds_id_gtzan-train-tfrecord-00006-of-00032-28.wav,rock
tfds_id_gtzan-train-tfrecord-00006-of-00032-29.wav,classical
tfds_id_gtzan-train-tfrecord-00006-of-00032-30.wav,country
tfds_id_gtzan-train-tfrecord-00007-of-00032-16.wav,reggae
tfds_id_gtzan-train-tfrecord-00007-of-00032-17.wav,rock
tfds_id_gtzan-train-tfrecord-00007-of-00032-18.wav,jazz
tfds_id_gtzan-train-tfrecord-00007-of-00032-19.wav,classical
tfds_id_gtzan-train-tfrecord-00007-of-00032-20.wav,hiphop
tfds_id_gtzan-train-tfrecord-00007-of-00032-21.wav,country
tfds_id_gtzan-train-tfrecord-00007-of-00032-22.wav,hiphop
tfds_id_gtzan-train-tfrecord-00007-of-00032-23.wav,blues
tfds_id_gtzan-train-tfrecord-00007-of-00032-24.wav,metal
tfds_id_gtzan-train-tfrecord-00007-of-00032-25.wav,pop
tfds_id_gtzan-train-tfrecord-00007-of-00032-26.wav,hiphop
tfds_id_gtzan-train-tfrecord-00007-of-00032-27.wav,hiphop
tfds_id_gtzan-train-tfrecord-00007-of-00032-28.wav,blues
tfds_id_gtzan-train-tfrecord-00007-of-00032-29.wav,rock
tfds_id_gtzan-train-tfrecord-00007-of-00032-30.wav,reggae
tfds_id_gtzan-train-tfrecord-00008-of-00032-16.wav,rock
tfds_id_gtzan-train-tfrecord-00008-of-00032-17.wav,classical
tfds_id_gtzan-train-tfrecord-00008-of-00032-18.wav,pop
tfds_id_gtzan-train-tfrecord-00008-of-00032-19.wav,hiphop
tfds_id_gtzan-train-tfrecord-00008-of-00032-20.wav,disco
tfds_id_gtzan-train-tfrecord-00008-of-00032-21.wav,rock
tfds_id_gtzan-train-tfrecord-00008-of-00032-22.wav,disco
tfds_id_gtzan-train-tfrecord-00008-of-00032-23.wav,classical
tfds_id_gtzan-train-tfrecord-00008-of-00032-24.wav,pop
tfds_id_gtzan-train-tfrecord-00008-of-00032-25.wav,country
tfds_id_gtzan-train-tfrecord-00008-of-00032-26.wav,jazz
tfds_id_gtzan-train-tfrecord-00008-of-00032-27.wav,blues
tfds_id_gtzan-train-tfrecord-00008-of-00032-28.wav,jazz
tfds_id_gtzan-train-tfrecord-00008-of-00032-29.wav,country
tfds_id_gtzan-train-tfrecord-00008-of-00032-30.wav,reggae
tfds_id_gtzan-train-tfrecord-00009-of-00032-16.wav,blues
tfds_id_gtzan-train-tfrecord-00009-of-00032-17.wav,metal
tfds_id_gtzan-train-tfrecord-00009-of-00032-18.wav,metal
tfds_id_gtzan-train-tfrecord-00009-of-00032-19.wav,jazz
tfds_id_gtzan-train-tfrecord-00009-of-00032-20.wav,jazz
tfds_id_gtzan-train-tfrecord-00009-of-00032-21.wav,hiphop
tfds_id_gtzan-train-tfrecord-00009-of-00032-22.wav,pop
tfds_id_gtzan-train-tfrecord-00009-of-00032-23.wav,hiphop
tfds_id_gtzan-train-tfrecord-00009-of-00032-24.wav,classical
tfds_id_gtzan-train-tfrecord-00009-of-00032-25.wav,classical
tfds_id_gtzan-train-tfrecord-00009-of-00032-26.wav,country
tfds_id_gtzan-train-tfrecord-00009-of-00032-27.wav,blues
tfds_id_gtzan-train-tfrecord-00009-of-00032-28.wav,rock
tfds_id_gtzan-train-tfrecord-00009-of-00032-29.wav,pop
tfds_id_gtzan-train-tfrecord-00009-of-00032-30.wav,metal
tfds_id_gtzan-train-tfrecord-00010-of-00032-16.wav,rock
tfds_id_gtzan-train-tfrecord-00010-of-00032-17.wav,disco
tfds_id_gtzan-train-tfrecord-00010-of-00032-18.wav,rock
tfds_id_gtzan-train-tfrecord-00010-of-00032-19.wav,classical
tfds_id_gtzan-train-tfrecord-00010-of-00032-20.wav,pop
tfds_id_gtzan-train-tfrecord-00010-of-00032-21.wav,blues
tfds_id_gtzan-train-tfrecord-00010-of-00032-22.wav,rock
tfds_id_gtzan-train-tfrecord-00010-of-00032-23.wav,reggae
tfds_id_gtzan-train-tfrecord-00010-of-00032-24.wav,metal
tfds_id_gtzan-train-tfrecord-00010-of-00032-25.wav,metal
tfds_id_gtzan-train-tfrecord-00010-of-00032-26.wav,jazz
tfds_id_gtzan-train-tfrecord-00010-of-00032-27.wav,disco
tfds_id_gtzan-train-tfrecord-00010-of-00032-28.wav,country
tfds_id_gtzan-train-tfrecord-00010-of-00032-29.wav,jazz
tfds_id_gtzan-train-tfrecord-00010-of-00032-30.wav,classical
tfds_id_gtzan-train-tfrecord-00010-of-00032-31.wav,classical
tfds_id_gtzan-train-tfrecord-00011-of-00032-16.wav,country
tfds_id_gtzan-train-tfrecord-00011-of-00032-17.wav,classical
tfds_id_gtzan-train-tfrecord-00011-of-00032-18.wav,rock
tfds_id_gtzan-train-tfrecord-00011-of-00032-19.wav,country
tfds_id_gtzan-train-tfrecord-00011-of-00032-20.wav,hiphop
tfds_id_gtzan-train-tfrecord-00011-of-00032-21.wav,disco
tfds_id_gtzan-train-tfrecord-00011-of-00032-22.wav,pop
tfds_id_gtzan-train-tfrecord-00011-of-00032-23.wav,jazz
tfds_id_gtzan-train-tfrecord-00011-of-00032-24.wav,country
tfds_id_gtzan-train-tfrecord-00011-of-00032-25.wav,blues
tfds_id_gtzan-train-tfrecord-00011-of-00032-26.wav,metal
tfds_id_gtzan-train-tfrecord-00011-of-00032-27.wav,pop
tfds_id_gtzan-train-tfrecord-00011-of-00032-28.wav,metal
tfds_id_gtzan-train-tfrecord-00011-of-00032-29.wav,country
tfds_id_gtzan-train-tfrecord-00011-of-00032-30.wav,rock
tfds_id_gtzan-train-tfrecord-00012-of-00032-16.wav,classical
tfds_id_gtzan-train-tfrecord-00012-of-00032-17.wav,country
tfds_id_gtzan-train-tfrecord-00012-of-00032-18.wav,disco
tfds_id_gtzan-train-tfrecord-00012-of-00032-19.wav,rock
tfds_id_gtzan-train-tfrecord-00012-of-00032-20.wav,rock
tfds_id_gtzan-train-tfrecord-00012-of-00032-21.wav,jazz
tfds_id_gtzan-train-tfrecord-00012-of-00032-22.wav,rock
tfds_id_gtzan-train-tfrecord-00012-of-00032-23.wav,country
tfds_id_gtzan-train-tfrecord-00012-of-00032-24.wav,jazz
tfds_id_gtzan-train-tfrecord-00012-of-00032-25.wav,disco
tfds_id_gtzan-train-tfrecord-00012-of-00032-26.wav,hiphop
tfds_id_gtzan-train-tfrecord-00012-of-00032-27.wav,classical
tfds_id_gtzan-train-tfrecord-00012-of-00032-28.wav,hiphop
tfds_id_gtzan-train-tfrecord-00012-of-00032-29.wav,hiphop
tfds_id_gtzan-train-tfrecord-00012-of-00032-30.wav,hiphop
tfds_id_gtzan-train-tfrecord-00013-of-00032-16.wav,hiphop
tfds_id_gtzan-train-tfrecord-00013-of-00032-17.wav,blues
tfds_id_gtzan-train-tfrecord-00013-of-00032-18.wav,pop
tfds_id_gtzan-train-tfrecord-00013-of-00032-19.wav,metal
tfds_id_gtzan-train-tfrecord-00013-of-00032-20.wav,reggae
tfds_id_gtzan-train-tfrecord-00013-of-00032-21.wav,pop
tfds_id_gtzan-train-tfrecord-00013-of-00032-22.wav,pop
tfds_id_gtzan-train-tfrecord-00013-of-00032-23.wav,metal
tfds_id_gtzan-train-tfrecord-00013-of-00032-24.wav,classical
tfds_id_gtzan-train-tfrecord-00013-of-00032-25.wav,classical
tfds_id_gtzan-train-tfrecord-00013-of-00032-26.wav,rock
tfds_id_gtzan-train-tfrecord-00013-of-00032-27.wav,rock
tfds_id_gtzan-train-tfrecord-00013-of-00032-28.wav,jazz
tfds_id_gtzan-train-tfrecord-00013-of-00032-29.wav,country
tfds_id_gtzan-train-tfrecord-00013-of-00032-30.wav,jazz
tfds_id_gtzan-train-tfrecord-00013-of-00032-31.wav,rock
tfds_id_gtzan-train-tfrecord-00014-of-00032-16.wav,metal
tfds_id_gtzan-train-tfrecord-00014-of-00032-17.wav,country
tfds_id_gtzan-train-tfrecord-00014-of-00032-18.wav,reggae
tfds_id_gtzan-train-tfrecord-00014-of-00032-19.wav,hiphop
tfds_id_gtzan-train-tfrecord-00014-of-00032-20.wav,blues
tfds_id_gtzan-train-tfrecord-00014-of-00032-21.wav,blues
tfds_id_gtzan-train-tfrecord-00014-of-00032-22.wav,pop
tfds_id_gtzan-train-tfrecord-00014-of-00032-23.wav,jazz
tfds_id_gtzan-train-tfrecord-00014-of-00032-24.wav,jazz
tfds_id_gtzan-train-tfrecord-00014-of-00032-25.wav,metal
tfds_id_gtzan-train-tfrecord-00014-of-00032-26.wav,disco
tfds_id_gtzan-train-tfrecord-00014-of-00032-27.wav,reggae
tfds_id_gtzan-train-tfrecord-00014-of-00032-28.wav,country
tfds_id_gtzan-train-tfrecord-00014-of-00032-29.wav,disco
tfds_id_gtzan-train-tfrecord-00014-of-00032-30.wav,country
tfds_id_gtzan-train-tfrecord-00015-of-00032-16.wav,disco
tfds_id_gtzan-train-tfrecord-00015-of-00032-17.wav,hiphop
tfds_id_gtzan-train-tfrecord-00015-of-00032-18.wav,hiphop
tfds_id_gtzan-train-tfrecord-00015-of-00032-19.wav,jazz
tfds_id_gtzan-train-tfrecord-00015-of-00032-20.wav,metal
tfds_id_gtzan-train-tfrecord-00015-of-00032-21.wav,country
tfds_id_gtzan-train-tfrecord-00015-of-00032-22.wav,reggae
tfds_id_gtzan-train-tfrecord-00015-of-00032-23.wav,disco
tfds_id_gtzan-train-tfrecord-00015-of-00032-24.wav,rock
tfds_id_gtzan-train-tfrecord-00015-of-00032-25.wav,jazz
tfds_id_gtzan-train-tfrecord-00015-of-00032-26.wav,blues
tfds_id_gtzan-train-tfrecord-00015-of-00032-27.wav,reggae
tfds_id_gtzan-train-tfrecord-00015-of-00032-28.wav,hiphop
tfds_id_gtzan-train-tfrecord-00015-of-00032-29.wav,disco
tfds_id_gtzan-train-tfrecord-00015-of-00032-30.wav,rock
tfds_id_gtzan-train-tfrecord-00016-of-00032-0.wav,reggae
tfds_id_gtzan-train-tfrecord-00016-of-00032-1.wav,rock
tfds_id_gtzan-train-tfrecord-00016-of-00032-2.wav,metal
tfds_id_gtzan-train-tfrecord-00016-of-00032-3.wav,reggae
tfds_id_gtzan-train-tfrecord-00016-of-00032-4.wav,classical
tfds_id_gtzan-train-tfrecord-00016-of-00032-5.wav,country
tfds_id_gtzan-train-tfrecord-00016-of-00032-6.wav,hiphop
tfds_id_gtzan-train-tfrecord-00016-of-00032-7.wav,blues
tfds_id_gtzan-train-tfrecord-00016-of-00032-8.wav,hiphop
tfds_id_gtzan-train-tfrecord-00016-of-00032-9.wav,pop
tfds_id_gtzan-train-tfrecord-00016-of-00032-10.wav,country
tfds_id_gtzan-train-tfrecord-00016-of-00032-11.wav,reggae
tfds_id_gtzan-train-tfrecord-00016-of-00032-12.wav,pop
tfds_id_gtzan-train-tfrecord-00016-of-00032-13.wav,country
tfds_id_gtzan-train-tfrecord-00016-of-00032-14.wav,hiphop
tfds_id_gtzan-train-tfrecord-00016-of-00032-15.wav,country
tfds_id_gtzan-train-tfrecord-00017-of-00032-0.wav,disco
tfds_id_gtzan-train-tfrecord-00017-of-00032-1.wav,reggae
tfds_id_gtzan-train-tfrecord-00017-of-00032-2.wav,metal
tfds_id_gtzan-train-tfrecord-00017-of-00032-3.wav,disco
tfds_id_gtzan-train-tfrecord-00017-of-00032-4.wav,metal
tfds_id_gtzan-train-tfrecord-00017-of-00032-5.wav,hiphop
tfds_id_gtzan-train-tfrecord-00017-of-00032-6.wav,hiphop
tfds_id_gtzan-train-tfrecord-00017-of-00032-7.wav,hiphop
tfds_id_gtzan-train-tfrecord-00017-of-00032-8.wav,metal
tfds_id_gtzan-train-tfrecord-00017-of-00032-9.wav,blues
tfds_id_gtzan-train-tfrecord-00017-of-00032-10.wav,hiphop
tfds_id_gtzan-train-tfrecord-00017-of-00032-11.wav,jazz
tfds_id_gtzan-train-tfrecord-00017-of-00032-12.wav,disco
tfds_id_gtzan-train-tfrecord-00017-of-00032-13.wav,pop
tfds_id_gtzan-train-tfrecord-00017-of-00032-14.wav,reggae
tfds_id_gtzan-train-tfrecord-00017-of-00032-15.wav,blues
tfds_id_gtzan-train-tfrecord-00018-of-00032-0.wav,classical
tfds_id_gtzan-train-tfrecord-00018-of-00032-1.wav,metal
tfds_id_gtzan-train-tfrecord-00018-of-00032-2.wav,jazz
tfds_id_gtzan-train-tfrecord-00018-of-00032-3.wav,blues
tfds_id_gtzan-train-tfrecord-00018-of-00032-4.wav,metal
tfds_id_gtzan-train-tfrecord-00018-of-00032-5.wav,classical
tfds_id_gtzan-train-tfrecord-00018-of-00032-6.wav,metal
tfds_id_gtzan-train-tfrecord-00018-of-00032-7.wav,jazz
tfds_id_gtzan-train-tfrecord-00018-of-00032-8.wav,disco
tfds_id_gtzan-train-tfrecord-00018-of-00032-9.wav,rock
tfds_id_gtzan-train-tfrecord-00018-of-00032-10.wav,disco
tfds_id_gtzan-train-tfrecord-00018-of-00032-11.wav,country
tfds_id_gtzan-train-tfrecord-00018-of-00032-12.wav,country
tfds_id_gtzan-train-tfrecord-00018-of-00032-13.wav,pop
tfds_id_gtzan-train-tfrecord-00018-of-00032-14.wav,classical
tfds_id_gtzan-train-tfrecord-00018-of-00032-15.wav,disco
tfds_id_gtzan-train-tfrecord-00019-of-00032-0.wav,hiphop
tfds_id_gtzan-train-tfrecord-00019-of-00032-1.wav,reggae
tfds_id_gtzan-train-tfrecord-00019-of-00032-2.wav,reggae
tfds_id_gtzan-train-tfrecord-00019-of-00032-3.wav,reggae
tfds_id_gtzan-train-tfrecord-00019-of-00032-4.wav,blues
tfds_id_gtzan-train-tfrecord-00019-of-00032-5.wav,blues
tfds_id_gtzan-train-tfrecord-00019-of-00032-6.wav,country
tfds_id_gtzan-train-tfrecord-00019-of-00032-7.wav,hiphop
tfds_id_gtzan-train-tfrecord-00019-of-00032-8.wav,reggae
tfds_id_gtzan-train-tfrecord-00019-of-00032-9.wav,country
tfds_id_gtzan-train-tfrecord-00019-of-00032-10.wav,pop
tfds_id_gtzan-train-tfrecord-00019-of-00032-11.wav,classical
tfds_id_gtzan-train-tfrecord-00019-of-00032-12.wav,metal
tfds_id_gtzan-train-tfrecord-00019-of-00032-13.wav,metal
tfds_id_gtzan-train-tfrecord-00019-of-00032-14.wav,metal
tfds_id_gtzan-train-tfrecord-00019-of-00032-15.wav,blues
tfds_id_gtzan-train-tfrecord-00020-of-00032-0.wav,hiphop
tfds_id_gtzan-train-tfrecord-00020-of-00032-1.wav,rock
tfds_id_gtzan-train-tfrecord-00020-of-00032-2.wav,jazz
tfds_id_gtzan-train-tfrecord-00020-of-00032-3.wav,rock
tfds_id_gtzan-train-tfrecord-00020-of-00032-4.wav,disco
tfds_id_gtzan-train-tfrecord-00020-of-00032-5.wav,pop
tfds_id_gtzan-train-tfrecord-00020-of-00032-6.wav,country
tfds_id_gtzan-train-tfrecord-00020-of-00032-7.wav,classical
tfds_id_gtzan-train-tfrecord-00020-of-00032-8.wav,pop
tfds_id_gtzan-train-tfrecord-00020-of-00032-9.wav,country
tfds_id_gtzan-train-tfrecord-00020-of-00032-10.wav,rock
tfds_id_gtzan-train-tfrecord-00020-of-00032-11.wav,classical
tfds_id_gtzan-train-tfrecord-00020-of-00032-12.wav,pop
tfds_id_gtzan-train-tfrecord-00020-of-00032-13.wav,pop
tfds_id_gtzan-train-tfrecord-00020-of-00032-14.wav,hiphop
tfds_id_gtzan-train-tfrecord-00020-of-00032-15.wav,country
tfds_id_gtzan-train-tfrecord-00021-of-00032-0.wav,rock
tfds_id_gtzan-train-tfrecord-00021-of-00032-1.wav,disco
tfds_id_gtzan-train-tfrecord-00021-of-00032-2.wav,pop
tfds_id_gtzan-train-tfrecord-00021-of-00032-3.wav,hiphop
tfds_id_gtzan-train-tfrecord-00021-of-00032-4.wav,blues
tfds_id_gtzan-train-tfrecord-00021-of-00032-5.wav,pop
tfds_id_gtzan-train-tfrecord-00021-of-00032-6.wav,country
tfds_id_gtzan-train-tfrecord-00021-of-00032-7.wav,blues
tfds_id_gtzan-train-tfrecord-00021-of-00032-8.wav,disco
tfds_id_gtzan-train-tfrecord-00021-of-00032-9.wav,pop
tfds_id_gtzan-train-tfrecord-00021-of-00032-10.wav,blues
tfds_id_gtzan-train-tfrecord-00021-of-00032-11.wav,hiphop
tfds_id_gtzan-train-tfrecord-00021-of-00032-12.wav,disco
tfds_id_gtzan-train-tfrecord-00021-of-00032-13.wav,hiphop
tfds_id_gtzan-train-tfrecord-00021-of-00032-14.wav,pop
tfds_id_gtzan-train-tfrecord-00021-of-00032-15.wav,country
tfds_id_gtzan-train-tfrecord-00022-of-00032-0.wav,reggae
tfds_id_gtzan-train-tfrecord-00022-of-00032-1.wav,classical
tfds_id_gtzan-train-tfrecord-00022-of-00032-2.wav,reggae
tfds_id_gtzan-train-tfrecord-00022-of-00032-3.wav,rock
tfds_id_gtzan-train-tfrecord-00022-of-00032-4.wav,hiphop
tfds_id_gtzan-train-tfrecord-00022-of-00032-5.wav,classical
tfds_id_gtzan-train-tfrecord-00022-of-00032-6.wav,jazz
tfds_id_gtzan-train-tfrecord-00022-of-00032-7.wav,metal
tfds_id_gtzan-train-tfrecord-00022-of-00032-8.wav,disco
tfds_id_gtzan-train-tfrecord-00022-of-00032-9.wav,classical
tfds_id_gtzan-train-tfrecord-00022-of-00032-10.wav,disco
tfds_id_gtzan-train-tfrecord-00022-of-00032-11.wav,disco
tfds_id_gtzan-train-tfrecord-00022-of-00032-12.wav,classical
tfds_id_gtzan-train-tfrecord-00022-of-00032-13.wav,disco
tfds_id_gtzan-train-tfrecord-00022-of-00032-14.wav,hiphop
tfds_id_gtzan-train-tfrecord-00022-of-00032-15.wav,jazz
tfds_id_gtzan-train-tfrecord-00023-of-00032-0.wav,country
tfds_id_gtzan-train-tfrecord-00023-of-00032-1.wav,classical
tfds_id_gtzan-train-tfrecord-00023-of-00032-2.wav,blues
tfds_id_gtzan-train-tfrecord-00023-of-00032-3.wav,metal
tfds_id_gtzan-train-tfrecord-00023-of-00032-4.wav,jazz
tfds_id_gtzan-train-tfrecord-00023-of-00032-5.wav,rock
tfds_id_gtzan-train-tfrecord-00023-of-00032-6.wav,metal
tfds_id_gtzan-train-tfrecord-00023-of-00032-7.wav,rock
tfds_id_gtzan-train-tfrecord-00023-of-00032-8.wav,rock
tfds_id_gtzan-train-tfrecord-00023-of-00032-9.wav,pop
tfds_id_gtzan-train-tfrecord-00023-of-00032-10.wav,classical
tfds_id_gtzan-train-tfrecord-00023-of-00032-11.wav,pop
tfds_id_gtzan-train-tfrecord-00023-of-00032-12.wav,rock
tfds_id_gtzan-train-tfrecord-00023-of-00032-13.wav,jazz
tfds_id_gtzan-train-tfrecord-00023-of-00032-14.wav,country
tfds_id_gtzan-train-tfrecord-00023-of-00032-15.wav,pop
tfds_id_gtzan-train-tfrecord-00024-of-00032-0.wav,disco
tfds_id_gtzan-train-tfrecord-00024-of-00032-1.wav,hiphop
tfds_id_gtzan-train-tfrecord-00024-of-00032-2.wav,disco
tfds_id_gtzan-train-tfrecord-00024-of-00032-3.wav,reggae
tfds_id_gtzan-train-tfrecord-00024-of-00032-4.wav,metal
tfds_id_gtzan-train-tfrecord-00024-of-00032-5.wav,jazz
tfds_id_gtzan-train-tfrecord-00024-of-00032-6.wav,jazz
tfds_id_gtzan-train-tfrecord-00024-of-00032-7.wav,jazz
tfds_id_gtzan-train-tfrecord-00024-of-00032-8.wav,jazz
tfds_id_gtzan-train-tfrecord-00024-of-00032-9.wav,metal
tfds_id_gtzan-train-tfrecord-00024-of-00032-10.wav,hiphop
tfds_id_gtzan-train-tfrecord-00024-of-00032-11.wav,disco
tfds_id_gtzan-train-tfrecord-00024-of-00032-12.wav,blues
tfds_id_gtzan-train-tfrecord-00024-of-00032-13.wav,classical
tfds_id_gtzan-train-tfrecord-00024-of-00032-14.wav,country
tfds_id_gtzan-train-tfrecord-00024-of-00032-15.wav,jazz
tfds_id_gtzan-train-tfrecord-00025-of-00032-0.wav,reggae
tfds_id_gtzan-train-tfrecord-00025-of-00032-1.wav,jazz
tfds_id_gtzan-train-tfrecord-00025-of-00032-2.wav,pop
tfds_id_gtzan-train-tfrecord-00025-of-00032-3.wav,jazz
tfds_id_gtzan-train-tfrecord-00025-of-00032-4.wav,reggae
tfds_id_gtzan-train-tfrecord-00025-of-00032-5.wav,jazz
tfds_id_gtzan-train-tfrecord-00025-of-00032-6.wav,blues
tfds_id_gtzan-train-tfrecord-00025-of-00032-7.wav,blues
tfds_id_gtzan-train-tfrecord-00025-of-00032-8.wav,metal
tfds_id_gtzan-train-tfrecord-00025-of-00032-9.wav,pop
tfds_id_gtzan-train-tfrecord-00025-of-00032-10.wav,classical
tfds_id_gtzan-train-tfrecord-00025-of-00032-11.wav,pop
tfds_id_gtzan-train-tfrecord-00025-of-00032-12.wav,country
tfds_id_gtzan-train-tfrecord-00025-of-00032-13.wav,classical
tfds_id_gtzan-train-tfrecord-00025-of-00032-14.wav,disco
tfds_id_gtzan-train-tfrecord-00025-of-00032-15.wav,rock
tfds_id_gtzan-train-tfrecord-00026-of-00032-0.wav,metal
tfds_id_gtzan-train-tfrecord-00026-of-00032-1.wav,pop
tfds_id_gtzan-train-tfrecord-00026-of-00032-2.wav,hiphop
tfds_id_gtzan-train-tfrecord-00026-of-00032-3.wav,reggae
tfds_id_gtzan-train-tfrecord-00026-of-00032-4.wav,hiphop
tfds_id_gtzan-train-tfrecord-00026-of-00032-5.wav,rock
tfds_id_gtzan-train-tfrecord-00026-of-00032-6.wav,hiphop
tfds_id_gtzan-train-tfrecord-00026-of-00032-7.wav,classical
tfds_id_gtzan-train-tfrecord-00026-of-00032-8.wav,rock
tfds_id_gtzan-train-tfrecord-00026-of-00032-9.wav,classical
tfds_id_gtzan-train-tfrecord-00026-of-00032-10.wav,classical
tfds_id_gtzan-train-tfrecord-00026-of-00032-11.wav,jazz
tfds_id_gtzan-train-tfrecord-00026-of-00032-12.wav,country
tfds_id_gtzan-train-tfrecord-00026-of-00032-13.wav,classical
tfds_id_gtzan-train-tfrecord-00026-of-00032-14.wav,blues
tfds_id_gtzan-train-tfrecord-00026-of-00032-15.wav,disco
tfds_id_gtzan-train-tfrecord-00027-of-00032-0.wav,reggae
tfds_id_gtzan-train-tfrecord-00027-of-00032-1.wav,blues
tfds_id_gtzan-train-tfrecord-00027-of-00032-2.wav,jazz
tfds_id_gtzan-train-tfrecord-00027-of-00032-3.wav,pop
tfds_id_gtzan-train-tfrecord-00027-of-00032-4.wav,metal
tfds_id_gtzan-train-tfrecord-00027-of-00032-5.wav,blues
tfds_id_gtzan-train-tfrecord-00027-of-00032-6.wav,classical
tfds_id_gtzan-train-tfrecord-00027-of-00032-7.wav,hiphop
tfds_id_gtzan-train-tfrecord-00027-of-00032-8.wav,country
tfds_id_gtzan-train-tfrecord-00027-of-00032-9.wav,classical
tfds_id_gtzan-train-tfrecord-00027-of-00032-10.wav,pop
tfds_id_gtzan-train-tfrecord-00027-of-00032-11.wav,disco
tfds_id_gtzan-train-tfrecord-00027-of-00032-12.wav,blues
tfds_id_gtzan-train-tfrecord-00027-of-00032-13.wav,blues
tfds_id_gtzan-train-tfrecord-00027-of-00032-14.wav,blues
tfds_id_gtzan-train-tfrecord-00027-of-00032-15.wav,blues
tfds_id_gtzan-train-tfrecord-00016-of-00032-16.wav,metal
tfds_id_gtzan-train-tfrecord-00016-of-00032-17.wav,pop
tfds_id_gtzan-train-tfrecord-00016-of-00032-18.wav,pop
tfds_id_gtzan-train-tfrecord-00016-of-00032-19.wav,hiphop
tfds_id_gtzan-train-tfrecord-00016-of-00032-20.wav,metal
tfds_id_gtzan-train-tfrecord-00016-of-00032-21.wav,blues
tfds_id_gtzan-train-tfrecord-00016-of-00032-22.wav,hiphop
tfds_id_gtzan-train-tfrecord-00016-of-00032-23.wav,metal
tfds_id_gtzan-train-tfrecord-00016-of-00032-24.wav,country
tfds_id_gtzan-train-tfrecord-00016-of-00032-25.wav,reggae
tfds_id_gtzan-train-tfrecord-00016-of-00032-26.wav,rock
tfds_id_gtzan-train-tfrecord-00016-of-00032-27.wav,hiphop
tfds_id_gtzan-train-tfrecord-00016-of-00032-28.wav,pop
tfds_id_gtzan-train-tfrecord-00016-of-00032-29.wav,hiphop
tfds_id_gtzan-train-tfrecord-00016-of-00032-30.wav,classical
tfds_id_gtzan-train-tfrecord-00017-of-00032-16.wav,classical
tfds_id_gtzan-train-tfrecord-00017-of-00032-17.wav,blues
tfds_id_gtzan-train-tfrecord-00017-of-00032-18.wav,jazz
tfds_id_gtzan-train-tfrecord-00017-of-00032-19.wav,rock
tfds_id_gtzan-train-tfrecord-00017-of-00032-20.wav,classical
tfds_id_gtzan-train-tfrecord-00017-of-00032-21.wav,jazz
tfds_id_gtzan-train-tfrecord-00017-of-00032-22.wav,metal
tfds_id_gtzan-train-tfrecord-00017-of-00032-23.wav,reggae
tfds_id_gtzan-train-tfrecord-00017-of-00032-24.wav,reggae
tfds_id_gtzan-train-tfrecord-00017-of-00032-25.wav,country
tfds_id_gtzan-train-tfrecord-00017-of-00032-26.wav,jazz
tfds_id_gtzan-train-tfrecord-00017-of-00032-27.wav,disco
tfds_id_gtzan-train-tfrecord-00017-of-00032-28.wav,metal
tfds_id_gtzan-train-tfrecord-00017-of-00032-29.wav,classical
tfds_id_gtzan-train-tfrecord-00017-of-00032-30.wav,rock
tfds_id_gtzan-train-tfrecord-00028-of-00032-0.wav,hiphop
tfds_id_gtzan-train-tfrecord-00028-of-00032-1.wav,disco
tfds_id_gtzan-train-tfrecord-00028-of-00032-2.wav,metal
tfds_id_gtzan-train-tfrecord-00028-of-00032-3.wav,country
tfds_id_gtzan-train-tfrecord-00028-of-00032-4.wav,jazz
tfds_id_gtzan-train-tfrecord-00028-of-00032-5.wav,hiphop
tfds_id_gtzan-train-tfrecord-00028-of-00032-6.wav,hiphop
tfds_id_gtzan-train-tfrecord-00028-of-00032-7.wav,pop
tfds_id_gtzan-train-tfrecord-00028-of-00032-8.wav,classical
tfds_id_gtzan-train-tfrecord-00028-of-00032-9.wav,jazz
tfds_id_gtzan-train-tfrecord-00028-of-00032-10.wav,disco
tfds_id_gtzan-train-tfrecord-00028-of-00032-11.wav,hiphop
tfds_id_gtzan-train-tfrecord-00028-of-00032-12.wav,reggae
tfds_id_gtzan-train-tfrecord-00028-of-00032-13.wav,hiphop
tfds_id_gtzan-train-tfrecord-00028-of-00032-14.wav,disco
tfds_id_gtzan-train-tfrecord-00028-of-00032-15.wav,country
tfds_id_gtzan-train-tfrecord-00018-of-00032-16.wav,country
tfds_id_gtzan-train-tfrecord-00018-of-00032-17.wav,reggae
tfds_id_gtzan-train-tfrecord-00018-of-00032-18.wav,pop
tfds_id_gtzan-train-tfrecord-00018-of-00032-19.wav,country
tfds_id_gtzan-train-tfrecord-00018-of-00032-20.wav,blues
tfds_id_gtzan-train-tfrecord-00018-of-00032-21.wav,rock
tfds_id_gtzan-train-tfrecord-00018-of-00032-22.wav,blues
tfds_id_gtzan-train-tfrecord-00018-of-00032-23.wav,blues
tfds_id_gtzan-train-tfrecord-00018-of-00032-24.wav,classical
tfds_id_gtzan-train-tfrecord-00018-of-00032-25.wav,reggae
tfds_id_gtzan-train-tfrecord-00018-of-00032-26.wav,reggae
tfds_id_gtzan-train-tfrecord-00018-of-00032-27.wav,reggae
tfds_id_gtzan-train-tfrecord-00018-of-00032-28.wav,disco
tfds_id_gtzan-train-tfrecord-00018-of-00032-29.wav,jazz
tfds_id_gtzan-train-tfrecord-00018-of-00032-30.wav,jazz
tfds_id_gtzan-train-tfrecord-00018-of-00032-31.wav,metal
tfds_id_gtzan-train-tfrecord-00019-of-00032-16.wav,hiphop
tfds_id_gtzan-train-tfrecord-00019-of-00032-17.wav,jazz
tfds_id_gtzan-train-tfrecord-00019-of-00032-18.wav,hiphop
tfds_id_gtzan-train-tfrecord-00019-of-00032-19.wav,pop
tfds_id_gtzan-train-tfrecord-00019-of-00032-20.wav,blues
tfds_id_gtzan-train-tfrecord-00019-of-00032-21.wav,jazz
tfds_id_gtzan-train-tfrecord-00019-of-00032-22.wav,rock
tfds_id_gtzan-train-tfrecord-00019-of-00032-23.wav,hiphop
tfds_id_gtzan-train-tfrecord-00019-of-00032-24.wav,hiphop
tfds_id_gtzan-train-tfrecord-00019-of-00032-25.wav,blues
tfds_id_gtzan-train-tfrecord-00019-of-00032-26.wav,classical
tfds_id_gtzan-train-tfrecord-00019-of-00032-27.wav,hiphop
tfds_id_gtzan-train-tfrecord-00019-of-00032-28.wav,pop
tfds_id_gtzan-train-tfrecord-00019-of-00032-29.wav,disco
tfds_id_gtzan-train-tfrecord-00019-of-00032-30.wav,reggae
tfds_id_gtzan-train-tfrecord-00029-of-00032-0.wav,blues
tfds_id_gtzan-train-tfrecord-00029-of-00032-1.wav,metal
tfds_id_gtzan-train-tfrecord-00029-of-00032-2.wav,classical
tfds_id_gtzan-train-tfrecord-00029-of-00032-3.wav,pop
tfds_id_gtzan-train-tfrecord-00029-of-00032-4.wav,rock
tfds_id_gtzan-train-tfrecord-00029-of-00032-5.wav,reggae
tfds_id_gtzan-train-tfrecord-00029-of-00032-6.wav,pop
tfds_id_gtzan-train-tfrecord-00029-of-00032-7.wav,country
tfds_id_gtzan-train-tfrecord-00029-of-00032-8.wav,pop
tfds_id_gtzan-train-tfrecord-00029-of-00032-9.wav,reggae
tfds_id_gtzan-train-tfrecord-00029-of-00032-10.wav,reggae
tfds_id_gtzan-train-tfrecord-00029-of-00032-11.wav,hiphop
tfds_id_gtzan-train-tfrecord-00029-of-00032-12.wav,blues
tfds_id_gtzan-train-tfrecord-00029-of-00032-13.wav,metal
tfds_id_gtzan-train-tfrecord-00029-of-00032-14.wav,disco
tfds_id_gtzan-train-tfrecord-00029-of-00032-15.wav,classical
tfds_id_gtzan-train-tfrecord-00020-of-00032-16.wav,hiphop
tfds_id_gtzan-train-tfrecord-00020-of-00032-17.wav,classical
tfds_id_gtzan-train-tfrecord-00020-of-00032-18.wav,classical
tfds_id_gtzan-train-tfrecord-00020-of-00032-19.wav,disco
tfds_id_gtzan-train-tfrecord-00020-of-00032-20.wav,classical
tfds_id_gtzan-train-tfrecord-00020-of-00032-21.wav,reggae
tfds_id_gtzan-train-tfrecord-00020-of-00032-22.wav,pop
tfds_id_gtzan-train-tfrecord-00020-of-00032-23.wav,classical
tfds_id_gtzan-train-tfrecord-00020-of-00032-24.wav,disco
tfds_id_gtzan-train-tfrecord-00020-of-00032-25.wav,blues
tfds_id_gtzan-train-tfrecord-00020-of-00032-26.wav,reggae
tfds_id_gtzan-train-tfrecord-00020-of-00032-27.wav,rock
tfds_id_gtzan-train-tfrecord-00020-of-00032-28.wav,pop
tfds_id_gtzan-train-tfrecord-00020-of-00032-29.wav,country
tfds_id_gtzan-train-tfrecord-00020-of-00032-30.wav,country
tfds_id_gtzan-train-tfrecord-00021-of-00032-16.wav,rock
tfds_id_gtzan-train-tfrecord-00021-of-00032-17.wav,hiphop
tfds_id_gtzan-train-tfrecord-00021-of-00032-18.wav,blues
tfds_id_gtzan-train-tfrecord-00021-of-00032-19.wav,reggae
tfds_id_gtzan-train-tfrecord-00021-of-00032-20.wav,pop
tfds_id_gtzan-train-tfrecord-00021-of-00032-21.wav,reggae
tfds_id_gtzan-train-tfrecord-00021-of-00032-22.wav,jazz
tfds_id_gtzan-train-tfrecord-00021-of-00032-23.wav,metal
tfds_id_gtzan-train-tfrecord-00021-of-00032-24.wav,blues
tfds_id_gtzan-train-tfrecord-00021-of-00032-25.wav,blues
tfds_id_gtzan-train-tfrecord-00021-of-00032-26.wav,country
tfds_id_gtzan-train-tfrecord-00021-of-00032-27.wav,pop
tfds_id_gtzan-train-tfrecord-00021-of-00032-28.wav,country
tfds_id_gtzan-train-tfrecord-00021-of-00032-29.wav,hiphop
tfds_id_gtzan-train-tfrecord-00021-of-00032-30.wav,reggae
tfds_id_gtzan-train-tfrecord-00021-of-00032-31.wav,classical
tfds_id_gtzan-train-tfrecord-00022-of-00032-16.wav,jazz
tfds_id_gtzan-train-tfrecord-00022-of-00032-17.wav,pop
tfds_id_gtzan-train-tfrecord-00022-of-00032-18.wav,classical
tfds_id_gtzan-train-tfrecord-00022-of-00032-19.wav,classical
tfds_id_gtzan-train-tfrecord-00022-of-00032-20.wav,reggae
tfds_id_gtzan-train-tfrecord-00022-of-00032-21.wav,metal
tfds_id_gtzan-train-tfrecord-00022-of-00032-22.wav,blues
tfds_id_gtzan-train-tfrecord-00022-of-00032-23.wav,pop
tfds_id_gtzan-train-tfrecord-00022-of-00032-24.wav,pop
tfds_id_gtzan-train-tfrecord-00022-of-00032-25.wav,blues
tfds_id_gtzan-train-tfrecord-00022-of-00032-26.wav,pop
tfds_id_gtzan-train-tfrecord-00022-of-00032-27.wav,jazz
tfds_id_gtzan-train-tfrecord-00022-of-00032-28.wav,metal
tfds_id_gtzan-train-tfrecord-00022-of-00032-29.wav,hiphop
tfds_id_gtzan-train-tfrecord-00022-of-00032-30.wav,country
tfds_id_gtzan-train-tfrecord-00023-of-00032-16.wav,blues
tfds_id_gtzan-train-tfrecord-00023-of-00032-17.wav,reggae
tfds_id_gtzan-train-tfrecord-00023-of-00032-18.wav,reggae
tfds_id_gtzan-train-tfrecord-00023-of-00032-19.wav,pop
tfds_id_gtzan-train-tfrecord-00023-of-00032-20.wav,metal
tfds_id_gtzan-train-tfrecord-00023-of-00032-21.wav,metal
tfds_id_gtzan-train-tfrecord-00023-of-00032-22.wav,rock
tfds_id_gtzan-train-tfrecord-00023-of-00032-23.wav,metal
tfds_id_gtzan-train-tfrecord-00023-of-00032-24.wav,country
tfds_id_gtzan-train-tfrecord-00023-of-00032-25.wav,reggae
tfds_id_gtzan-train-tfrecord-00023-of-00032-26.wav,blues
tfds_id_gtzan-train-tfrecord-00023-of-00032-27.wav,country
tfds_id_gtzan-train-tfrecord-00023-of-00032-28.wav,classical
tfds_id_gtzan-train-tfrecord-00023-of-00032-29.wav,rock
tfds_id_gtzan-train-tfrecord-00023-of-00032-30.wav,blues
tfds_id_gtzan-train-tfrecord-00030-of-00032-0.wav,country
tfds_id_gtzan-train-tfrecord-00030-of-00032-1.wav,classical
tfds_id_gtzan-train-tfrecord-00030-of-00032-2.wav,jazz
tfds_id_gtzan-train-tfrecord-00030-of-00032-3.wav,metal
tfds_id_gtzan-train-tfrecord-00030-of-00032-4.wav,disco
tfds_id_gtzan-train-tfrecord-00030-of-00032-5.wav,reggae
tfds_id_gtzan-train-tfrecord-00030-of-00032-6.wav,pop
tfds_id_gtzan-train-tfrecord-00030-of-00032-7.wav,pop
tfds_id_gtzan-train-tfrecord-00030-of-00032-8.wav,disco
tfds_id_gtzan-train-tfrecord-00030-of-00032-9.wav,rock
tfds_id_gtzan-train-tfrecord-00030-of-00032-10.wav,metal
tfds_id_gtzan-train-tfrecord-00030-of-00032-11.wav,metal
tfds_id_gtzan-train-tfrecord-00030-of-00032-12.wav,rock
tfds_id_gtzan-train-tfrecord-00030-of-00032-13.wav,hiphop
tfds_id_gtzan-train-tfrecord-00030-of-00032-14.wav,reggae
tfds_id_gtzan-train-tfrecord-00030-of-00032-15.wav,disco
tfds_id_gtzan-train-tfrecord-00024-of-00032-16.wav,country
tfds_id_gtzan-train-tfrecord-00024-of-00032-17.wav,disco
tfds_id_gtzan-train-tfrecord-00024-of-00032-18.wav,classical
tfds_id_gtzan-train-tfrecord-00024-of-00032-19.wav,jazz
tfds_id_gtzan-train-tfrecord-00024-of-00032-20.wav,jazz
tfds_id_gtzan-train-tfrecord-00024-of-00032-21.wav,blues
tfds_id_gtzan-train-tfrecord-00024-of-00032-22.wav,jazz
tfds_id_gtzan-train-tfrecord-00024-of-00032-23.wav,blues
tfds_id_gtzan-train-tfrecord-00024-of-00032-24.wav,jazz
tfds_id_gtzan-train-tfrecord-00024-of-00032-25.wav,country
tfds_id_gtzan-train-tfrecord-00024-of-00032-26.wav,classical
tfds_id_gtzan-train-tfrecord-00024-of-00032-27.wav,classical
tfds_id_gtzan-train-tfrecord-00024-of-00032-28.wav,metal
tfds_id_gtzan-train-tfrecord-00024-of-00032-29.wav,country
tfds_id_gtzan-train-tfrecord-00024-of-00032-30.wav,disco
tfds_id_gtzan-train-tfrecord-00025-of-00032-16.wav,rock
tfds_id_gtzan-train-tfrecord-00025-of-00032-17.wav,disco
tfds_id_gtzan-train-tfrecord-00025-of-00032-18.wav,disco
tfds_id_gtzan-train-tfrecord-00025-of-00032-19.wav,classical
tfds_id_gtzan-train-tfrecord-00025-of-00032-20.wav,classical
tfds_id_gtzan-train-tfrecord-00025-of-00032-21.wav,jazz
tfds_id_gtzan-train-tfrecord-00025-of-00032-22.wav,rock
tfds_id_gtzan-train-tfrecord-00025-of-00032-23.wav,rock
tfds_id_gtzan-train-tfrecord-00025-of-00032-24.wav,rock
tfds_id_gtzan-train-tfrecord-00025-of-00032-25.wav,disco
tfds_id_gtzan-train-tfrecord-00025-of-00032-26.wav,rock
tfds_id_gtzan-train-tfrecord-00025-of-00032-27.wav,pop
tfds_id_gtzan-train-tfrecord-00025-of-00032-28.wav,disco
tfds_id_gtzan-train-tfrecord-00025-of-00032-29.wav,classical
tfds_id_gtzan-train-tfrecord-00025-of-00032-30.wav,reggae
tfds_id_gtzan-train-tfrecord-00031-of-00032-0.wav,jazz
tfds_id_gtzan-train-tfrecord-00031-of-00032-1.wav,blues
tfds_id_gtzan-train-tfrecord-00031-of-00032-2.wav,rock
tfds_id_gtzan-train-tfrecord-00031-of-00032-3.wav,rock
tfds_id_gtzan-train-tfrecord-00031-of-00032-4.wav,blues
tfds_id_gtzan-train-tfrecord-00031-of-00032-5.wav,blues
tfds_id_gtzan-train-tfrecord-00031-of-00032-6.wav,pop
tfds_id_gtzan-train-tfrecord-00031-of-00032-7.wav,classical
tfds_id_gtzan-train-tfrecord-00031-of-00032-8.wav,jazz
tfds_id_gtzan-train-tfrecord-00031-of-00032-9.wav,pop
tfds_id_gtzan-train-tfrecord-00031-of-00032-10.wav,classical
tfds_id_gtzan-train-tfrecord-00031-of-00032-11.wav,metal
tfds_id_gtzan-train-tfrecord-00031-of-00032-12.wav,country
tfds_id_gtzan-train-tfrecord-00031-of-00032-13.wav,reggae
tfds_id_gtzan-train-tfrecord-00031-of-00032-14.wav,metal
tfds_id_gtzan-train-tfrecord-00031-of-00032-15.wav,blues
tfds_id_gtzan-train-tfrecord-00026-of-00032-16.wav,jazz
tfds_id_gtzan-train-tfrecord-00026-of-00032-17.wav,reggae
tfds_id_gtzan-train-tfrecord-00026-of-00032-18.wav,classical
tfds_id_gtzan-train-tfrecord-00026-of-00032-19.wav,reggae
tfds_id_gtzan-train-tfrecord-00026-of-00032-20.wav,jazz
tfds_id_gtzan-train-tfrecord-00026-of-00032-21.wav,classical
tfds_id_gtzan-train-tfrecord-00026-of-00032-22.wav,disco
tfds_id_gtzan-train-tfrecord-00026-of-00032-23.wav,reggae
tfds_id_gtzan-train-tfrecord-00026-of-00032-24.wav,jazz
tfds_id_gtzan-train-tfrecord-00026-of-00032-25.wav,metal
tfds_id_gtzan-train-tfrecord-00026-of-00032-26.wav,blues
tfds_id_gtzan-train-tfrecord-00026-of-00032-27.wav,metal
tfds_id_gtzan-train-tfrecord-00026-of-00032-28.wav,classical
tfds_id_gtzan-train-tfrecord-00026-of-00032-29.wav,blues
tfds_id_gtzan-train-tfrecord-00026-of-00032-30.wav,classical
tfds_id_gtzan-train-tfrecord-00026-of-00032-31.wav,blues
tfds_id_gtzan-train-tfrecord-00027-of-00032-16.wav,rock
tfds_id_gtzan-train-tfrecord-00027-of-00032-17.wav,pop
tfds_id_gtzan-train-tfrecord-00027-of-00032-18.wav,rock
tfds_id_gtzan-train-tfrecord-00027-of-00032-19.wav,rock
tfds_id_gtzan-train-tfrecord-00027-of-00032-20.wav,jazz
tfds_id_gtzan-train-tfrecord-00027-of-00032-21.wav,blues
tfds_id_gtzan-train-tfrecord-00027-of-00032-22.wav,disco
tfds_id_gtzan-train-tfrecord-00027-of-00032-23.wav,hiphop
tfds_id_gtzan-train-tfrecord-00027-of-00032-24.wav,metal
tfds_id_gtzan-train-tfrecord-00027-of-00032-25.wav,disco
tfds_id_gtzan-train-tfrecord-00027-of-00032-26.wav,rock
tfds_id_gtzan-train-tfrecord-00027-of-00032-27.wav,pop
tfds_id_gtzan-train-tfrecord-00027-of-00032-28.wav,pop
tfds_id_gtzan-train-tfrecord-00027-of-00032-29.wav,disco
tfds_id_gtzan-train-tfrecord-00027-of-00032-30.wav,blues
tfds_id_gtzan-train-tfrecord-00028-of-00032-16.wav,rock
tfds_id_gtzan-train-tfrecord-00028-of-00032-17.wav,blues
tfds_id_gtzan-train-tfrecord-00028-of-00032-18.wav,blues
tfds_id_gtzan-train-tfrecord-00028-of-00032-19.wav,country
tfds_id_gtzan-train-tfrecord-00028-of-00032-20.wav,rock
tfds_id_gtzan-train-tfrecord-00028-of-00032-21.wav,disco
tfds_id_gtzan-train-tfrecord-00028-of-00032-22.wav,rock
tfds_id_gtzan-train-tfrecord-00028-of-00032-23.wav,classical
tfds_id_gtzan-train-tfrecord-00028-of-00032-24.wav,hiphop
tfds_id_gtzan-train-tfrecord-00028-of-00032-25.wav,country
tfds_id_gtzan-train-tfrecord-00028-of-00032-26.wav,jazz
tfds_id_gtzan-train-tfrecord-00028-of-00032-27.wav,jazz
tfds_id_gtzan-train-tfrecord-00028-of-00032-28.wav,metal
tfds_id_gtzan-train-tfrecord-00028-of-00032-29.wav,disco
tfds_id_gtzan-train-tfrecord-00028-of-00032-30.wav,disco
tfds_id_gtzan-train-tfrecord-00029-of-00032-16.wav,disco
tfds_id_gtzan-train-tfrecord-00029-of-00032-17.wav,disco
tfds_id_gtzan-train-tfrecord-00029-of-00032-18.wav,rock
tfds_id_gtzan-train-tfrecord-00029-of-00032-19.wav,disco
tfds_id_gtzan-train-tfrecord-00029-of-00032-20.wav,rock
tfds_id_gtzan-train-tfrecord-00029-of-00032-21.wav,blues
tfds_id_gtzan-train-tfrecord-00029-of-00032-22.wav,country
tfds_id_gtzan-train-tfrecord-00029-of-00032-23.wav,disco
tfds_id_gtzan-train-tfrecord-00029-of-00032-24.wav,jazz
tfds_id_gtzan-train-tfrecord-00029-of-00032-25.wav,classical
tfds_id_gtzan-train-tfrecord-00029-of-00032-26.wav,pop
tfds_id_gtzan-train-tfrecord-00029-of-00032-27.wav,metal
tfds_id_gtzan-train-tfrecord-00029-of-00032-28.wav,pop
tfds_id_gtzan-train-tfrecord-00029-of-00032-29.wav,blues
tfds_id_gtzan-train-tfrecord-00029-of-00032-30.wav,jazz
tfds_id_gtzan-train-tfrecord-00029-of-00032-31.wav,reggae
tfds_id_gtzan-train-tfrecord-00030-of-00032-16.wav,disco
tfds_id_gtzan-train-tfrecord-00030-of-00032-17.wav,reggae
tfds_id_gtzan-train-tfrecord-00030-of-00032-18.wav,classical
tfds_id_gtzan-train-tfrecord-00030-of-00032-19.wav,hiphop
tfds_id_gtzan-train-tfrecord-00030-of-00032-20.wav,country
tfds_id_gtzan-train-tfrecord-00030-of-00032-21.wav,metal
tfds_id_gtzan-train-tfrecord-00030-of-00032-22.wav,rock
tfds_id_gtzan-train-tfrecord-00030-of-00032-23.wav,hiphop
tfds_id_gtzan-train-tfrecord-00030-of-00032-24.wav,metal
tfds_id_gtzan-train-tfrecord-00030-of-00032-25.wav,classical
tfds_id_gtzan-train-tfrecord-00030-of-00032-26.wav,classical
tfds_id_gtzan-train-tfrecord-00030-of-00032-27.wav,blues
tfds_id_gtzan-train-tfrecord-00030-of-00032-28.wav,rock
tfds_id_gtzan-train-tfrecord-00030-of-00032-29.wav,rock
tfds_id_gtzan-train-tfrecord-00030-of-00032-30.wav,pop
tfds_id_gtzan-train-tfrecord-00031-of-00032-16.wav,reggae
tfds_id_gtzan-train-tfrecord-00031-of-00032-17.wav,rock
tfds_id_gtzan-train-tfrecord-00031-of-00032-18.wav,metal
tfds_id_gtzan-train-tfrecord-00031-of-00032-19.wav,disco
tfds_id_gtzan-train-tfrecord-00031-of-00032-20.wav,pop
tfds_id_gtzan-train-tfrecord-00031-of-00032-21.wav,blues
tfds_id_gtzan-train-tfrecord-00031-of-00032-22.wav,disco
tfds_id_gtzan-train-tfrecord-00031-of-00032-23.wav,reggae
tfds_id_gtzan-train-tfrecord-00031-of-00032-24.wav,disco
tfds_id_gtzan-train-tfrecord-00031-of-00032-25.wav,country
tfds_id_gtzan-train-tfrecord-00031-of-00032-26.wav,blues
tfds_id_gtzan-train-tfrecord-00031-of-00032-27.wav,jazz
tfds_id_gtzan-train-tfrecord-00031-of-00032-28.wav,disco
tfds_id_gtzan-train-tfrecord-00031-of-00032-29.wav,reggae
tfds_id_gtzan-train-tfrecord-00031-of-00032-30.wav,metal
