Filename,Category
277515__gezortenplotz__cat-growl-edit.wav,000Animal_Domestic animals_ pets_Cat_Growling
277515__gezortenplotz__cat-growl-edit.wav,001Animal_Domestic animals_ pets_Cat_Hiss
43381__agfx__rooster-chicken-calls-1-2.wav,010Animal_Livestock_ farm animals_ working animals_Fowl_Chicken_ rooster_Crowing_ cock-a-doodle-doo
43381__agfx__rooster-chicken-calls-1.wav,010Animal_Livestock_ farm animals_ working animals_Fowl_Chicken_ rooster_Crowing_ cock-a-doodle-doo
187261__jonnyhoff91__duck.wav,011Animal_Livestock_ farm animals_ working animals_Fowl_Duck_Quack
188376__calodas__duck-quack-1-sweden copy.wav,011Animal_Livestock_ farm animals_ working animals_Fowl_Duck_Quack
188376__calodas__duck-quack-1-sweden.wav,011Animal_Livestock_ farm animals_ working animals_Fowl_Duck_Quack
322443__goodlistener__stable-noises-birds-and-horses-neighing.wav,016Animal_Livestock_ farm animals_ working animals_Horse_Neigh_ whinny
322443__goodlistener__stable-noises-birds-and-horses-neighing.wav,017Animal_Livestock_ farm animals_ working animals_Horse_Snort (horse)
98303__bruceosonhadordeverdade__flapping-bird_1_perfect.wav,019Animal_Wild animals_Bird_Bird flight_ flapping wings
98303__bruceosonhadordeverdade__flapping-bird_2.wav,019Animal_Wild animals_Bird_Bird flight_ flapping wings
98303__bruceosonhadordeverdade__flapping-bird_3.wav,019Animal_Wild animals_Bird_Bird flight_ flapping wings
64544__benboncan__tawny-owls-1 1.wav,022Animal_Wild animals_Bird_Owl_Hoot
64544__benboncan__tawny-owls-2 1.wav,022Animal_Wild animals_Bird_Owl_Hoot
319512__squashy555__pigeon1_perfect.wav,023Animal_Wild animals_Bird_Pigeon_ dove_Coo
20472__acclivity__woodpigeonnr1.wav,023Animal_Wild animals_Bird_Pigeon_ dove_Coo
20472__acclivity__woodpigeonnr2.wav,023Animal_Wild animals_Bird_Pigeon_ dove_Coo
232608__timbre__remix-of-13570-acclivity-collareddove1 1.wav,023Animal_Wild animals_Bird_Pigeon_ dove_Coo
232608__timbre__remix-of-13570-acclivity-collareddove2.wav,023Animal_Wild animals_Bird_Pigeon_ dove_Coo
24972__dobroide__20061105-pigeon1 1.wav,023Animal_Wild animals_Bird_Pigeon_ dove_Coo
24972__dobroide__20061105-pigeon2 1.wav,023Animal_Wild animals_Bird_Pigeon_ dove_Coo
319512__squashy555__pigeon2.wav,023Animal_Wild animals_Bird_Pigeon_ dove_Coo
99644__juskiddink__frogs1 1.wav,024Animal_Wild animals_Frog_Croak
99644__juskiddink__frogs2 1.wav,024Animal_Wild animals_Frog_Croak
368781__kokopetiyot__mosquito-2.wav,027Animal_Wild animals_Insect_Mosquito
368781__kokopetiyot__mosquito.wav,027Animal_Wild animals_Insect_Mosquito
69571__bidone__lions-two 1.wav,028Animal_Wild animals_Roaring cats (lions_ tigers)_Roar
69571__bidone__lions-two.wav,028Animal_Wild animals_Roaring cats (lions_ tigers)_Roar
97380__soundbytez__african-lion1.wav,028Animal_Wild animals_Roaring cats (lions_ tigers)_Roar
97380__soundbytez__african-lion2.wav,028Animal_Wild animals_Roaring cats (lions_ tigers)_Roar
268580__7h3-lark__rattle-snake1_perfect.wav,030Animal_Wild animals_Snake_Rattle
268580__7h3-lark__rattle-snake2.wav,030Animal_Wild animals_Snake_Rattle
268580__7h3-lark__rattle-snake3.wav,030Animal_Wild animals_Snake_Rattle
268580__7h3-lark__rattle-snake4.wav,030Animal_Wild animals_Snake_Rattle
268580__7h3-lark__rattle-snake5.wav,030Animal_Wild animals_Snake_Rattle
268580__7h3-lark__rattle-snake6.wav,030Animal_Wild animals_Snake_Rattle
268580__7h3-lark__rattle-snake7.wav,030Animal_Wild animals_Snake_Rattle
182330__simplen00b__light-hum102-2.wav,031Channel_ environment and background_Noise_Background noise_Mains hum
182330__simplen00b__light-hum102.wav,031Channel_ environment and background_Noise_Background noise_Mains hum
174918__zabuhailo__tapenoise1.wav,032Channel_ environment and background_Noise_Background noise_Tape hiss
174918__zabuhailo__tapenoise2.wav,032Channel_ environment and background_Noise_Background noise_Tape hiss
375984__stecman__tape-hiss1.wav,032Channel_ environment and background_Noise_Background noise_Tape hiss
375984__stecman__tape-hiss2.wav,032Channel_ environment and background_Noise_Background noise_Tape hiss
248109__timbre__computer-generated-pink-ish-noise1.wav,033Channel_ environment and background_Noise_Pink noise
248109__timbre__computer-generated-pink-ish-noise2.wav,033Channel_ environment and background_Noise_Pink noise
326916__glencurtisadams__burp2_perfect.wav,036Human sounds_Digestive_Burping_ eructation
110659__timbre__cleaned-burp-before-after-1.wav,036Human sounds_Digestive_Burping_ eructation
110659__timbre__cleaned-burp-before-after-2.wav,036Human sounds_Digestive_Burping_ eructation
326916__glencurtisadams__burp1.wav,036Human sounds_Digestive_Burping_ eructation
213933__txirimiri__weird-hiccup1.wav,039Human sounds_Digestive_Hiccup
213933__txirimiri__weird-hiccup2.wav,039Human sounds_Digestive_Hiccup
220423__robinhood76__04880-male-hiccups-and-choke1.wav,039Human sounds_Digestive_Hiccup
220423__robinhood76__04880-male-hiccups-and-choke2.wav,039Human sounds_Digestive_Hiccup
38615__unclesigmund__hiccups1.wav,039Human sounds_Digestive_Hiccup
38615__unclesigmund__hiccups2.wav,039Human sounds_Digestive_Hiccup
38615__unclesigmund__hiccups3.wav,039Human sounds_Digestive_Hiccup
336997__corsica-s__boo-01_perfect.wav,045Human sounds_Human group actions_Booing
336997__tim-kahn__boo-01.wav,045Human sounds_Human group actions_Booing
324893__adam-n__crowd-boo1.wav,045Human sounds_Human group actions_Booing
324893__adam-n__crowd-boo2.wav,045Human sounds_Human group actions_Booing
17603__acclivity__kidsclub2_1.wav,047Human sounds_Human group actions_Children shouting
17603__acclivity__kidsclub2_2.wav,047Human sounds_Human group actions_Children shouting
17603__acclivity__kidsclub2_3.wav,047Human sounds_Human group actions_Children shouting
190894__yacou__children1_1.wav,047Human sounds_Human group actions_Children shouting
190894__yacou__children1_2.wav,047Human sounds_Human group actions_Children shouting
190894__yacou__children1_3.wav,047Human sounds_Human group actions_Children shouting
346814__robinhood76__06684-children-hooray-joy-shout.wav,047Human sounds_Human group actions_Children shouting
143932__wentzelj__feet1_perfect.wav,049Human sounds_Human locomotion_Shuffle
143932__wentzelj__feet2.wav,049Human sounds_Human locomotion_Shuffle
143932__wentzelj__feet3.wav,049Human sounds_Human locomotion_Shuffle
90788__kmoon__pebbles-scrape-drag-foot1.wav,049Human sounds_Human locomotion_Shuffle
90788__kmoon__pebbles-scrape-drag-foot2.wav,049Human sounds_Human locomotion_Shuffle
257706__vmgraw__groaning1.wav,052Human sounds_Human voice_Groan
257706__vmgraw__groaning2.wav,052Human sounds_Human voice_Groan
260184__splicesound__young-boy-groans1.wav,052Human sounds_Human voice_Groan
260184__splicesound__young-boy-groans2.wav,052Human sounds_Human voice_Groan
260184__splicesound__young-boy-groans3.wav,052Human sounds_Human voice_Groan
319341__monosfera__jeczenie-groan-011.wav,052Human sounds_Human voice_Groan
319341__monosfera__jeczenie-groan-012.wav,052Human sounds_Human voice_Groan
193599__kuzyaburst__painful-grunts-boy1.wav,053Human sounds_Human voice_Grunt
193599__kuzyaburst__painful-grunts-boy2.wav,053Human sounds_Human voice_Grunt
264191__lavilovesyou__female-humming 1.wav,054Human sounds_Human voice_Humming
264191__lavilovesyou__female-humming 2.wav,054Human sounds_Human voice_Humming
26717__leady__mmmmm-loop1 1.wav,054Human sounds_Human voice_Humming
26717__leady__mmmmm-loop1 2.wav,054Human sounds_Human voice_Humming
65370__digifishmusic__endhum-kt 1.wav,054Human sounds_Human voice_Humming
65370__digifishmusic__endhum-kt 2.wav,054Human sounds_Human voice_Humming
8157__levinj__jazzgiggle-10-8-05-9mo 1.wav,055Human sounds_Human voice_Laughter_Baby laughter
8157__levinj__jazzgiggle-10-8-05-9mo 2.wav,055Human sounds_Human voice_Laughter_Baby laughter
140220__shall555__sh-child-chuckling-at-something-two-sets 1.wav,056Human sounds_Human voice_Laughter_Chuckle_ chortle
140220__shall555__sh-child-chuckling-at-something-two-sets 2.wav,056Human sounds_Human voice_Laughter_Chuckle_ chortle
380101__sqeeeek__chuckles-man-grinning-sqeeek 1.wav,056Human sounds_Human voice_Laughter_Chuckle_ chortle
380101__sqeeeek__chuckles-man-grinning-sqeeek 2.wav,056Human sounds_Human voice_Laughter_Chuckle_ chortle
180313__jorickhoofd__sad-cry-8_perfect.wav,058Human sounds_Human voice_Screaming
180307__jorickhoofd__sad-cry-2 1.wav,058Human sounds_Human voice_Screaming
242899__reitanna__diiiiiie.wav,058Human sounds_Human voice_Screaming
346814__robinhood76__06684-children-hooray-joy-shout.wav,059Human sounds_Human voice_Shout_Children shouting
180307__jorickhoofd__sad-cry-2_perfect.wav,061Human sounds_Human voice_Shout_Yell
180313__jorickhoofd__sad-cry-8.wav,061Human sounds_Human voice_Shout_Yell
242899__reitanna__diiiiiie.wav,061Human sounds_Human voice_Shout_Yell
166944__qubodup__grunts-of-pain-by-military-soldiers 1.wav,063Human sounds_Human voice_Wail_ moan
166944__qubodup__grunts-of-pain-by-military-soldiers 2.wav,063Human sounds_Human voice_Wail_ moan
166944__qubodup__grunts-of-pain-by-military-soldiers 3.wav,063Human sounds_Human voice_Wail_ moan
166944__qubodup__grunts-of-pain-by-military-soldiers 4.wav,063Human sounds_Human voice_Wail_ moan
166944__qubodup__grunts-of-pain-by-military-soldiers 5.wav,063Human sounds_Human voice_Wail_ moan
171444__qubodup__yawn 1.wav,065Human sounds_Human voice_Yawn
171444__qubodup__yawn 2.wav,065Human sounds_Human voice_Yawn
213289__aderumoro__panting-teenage-girl-young-lady-shaky-frightened 1.wav,067Human sounds_Respiratory sounds_Breathing_Pant
213289__aderumoro__panting-teenage-girl-young-lady-shaky-frightened 2.wav,067Human sounds_Respiratory sounds_Breathing_Pant
345060__littlerainyseasons__panting 1.wav,067Human sounds_Respiratory sounds_Breathing_Pant
345060__littlerainyseasons__panting 2.wav,067Human sounds_Respiratory sounds_Breathing_Pant
350313__11linda__female-running-scared 1.wav,067Human sounds_Respiratory sounds_Breathing_Pant
350313__11linda__female-running-scared 2.wav,067Human sounds_Respiratory sounds_Breathing_Pant
185415__unfa__sneeze-shot copy.wav,070Human sounds_Respiratory sounds_Sneeze
185415__unfa__sneeze-shot.wav,070Human sounds_Respiratory sounds_Sneeze
185591__qubodup__wolfwhistle 1.wav,072Human sounds_Whistling_Wolf-whistling
185591__qubodup__wolfwhistle 2.wav,072Human sounds_Whistling_Wolf-whistling
325437__taxmanforever__whistle-person-sfx 1.wav,072Human sounds_Whistling_Wolf-whistling
325437__taxmanforever__whistle-person-sfx 2.wav,072Human sounds_Whistling_Wolf-whistling
12641__dobroide__20051204-piper 1_perfect.wav,074Music_Musical instrument_Bagpipes
12641__dobroide__20051204-piper 2.wav,074Music_Musical instrument_Bagpipes
142022__herbertboland__gaitasasturianas 11.wav,074Music_Musical instrument_Bagpipes
142022__herbertboland__gaitasasturianas 12.wav,074Music_Musical instrument_Bagpipes
178470__vinjatovix__130216-amb-ext-piperman-on-westminster-bridge-rd 1.wav,074Music_Musical instrument_Bagpipes
178470__vinjatovix__130216-amb-ext-piperman-on-westminster-bridge-rd 2.wav,074Music_Musical instrument_Bagpipes
378912__13gkopeckak__bell_perfect.wav,075Music_Musical instrument_Bell_Bicycle bell
323127__geraldfiebig__bicycle-bell-from-bikekitchen-augsburg-07 1.wav,075Music_Musical instrument_Bell_Bicycle bell
328825__magedu__bicycle-bell-02.wav,075Music_Musical instrument_Bell_Bicycle bell
383597__newagesoup__bicycle-bell-08.wav,075Music_Musical instrument_Bell_Bicycle bell
383598__newagesoup__bicycle-bell-07.wav,075Music_Musical instrument_Bell_Bicycle bell
383601__newagesoup__bicycle-bell-10.wav,075Music_Musical instrument_Bell_Bicycle bell
383630__newagesoup__bicycle-bell-15.wav,075Music_Musical instrument_Bell_Bicycle bell
78958__plivesey__bike-bell 1.wav,075Music_Musical instrument_Bell_Bicycle bell
78958__plivesey__bike-bell 2.wav,075Music_Musical instrument_Bell_Bicycle bell
271509__harrietniamh__wind-chimes 1.wav,076Music_Musical instrument_Bell_Chime_Wind chime
159167__cms4f__churches-of-ohrid-1 1.wav,077Music_Musical instrument_Bell_Church bell
159167__cms4f__churches-of-ohrid-1 2.wav,077Music_Musical instrument_Bell_Church bell
100340__robinhood76__01885-horse-bells 1.wav,078Music_Musical instrument_Bell_Jingle bell
100340__robinhood76__01885-horse-bells 2.wav,078Music_Musical instrument_Bell_Jingle bell
100340__robinhood76__01885-horse-bells 3.wav,078Music_Musical instrument_Bell_Jingle bell
341795__kickhat__freesound-strings-attack_perfect.wav,082Music_Musical instrument_Bowed string instrument_String section
185347__lemoncreme__symphony-sounds.wav,082Music_Musical instrument_Bowed string instrument_String section
382696__oymaldonado__sad-moody-strings-freesound-org 1.wav,082Music_Musical instrument_Bowed string instrument_String section
382696__oymaldonado__sad-moody-strings-freesound-org 2.wav,082Music_Musical instrument_Bowed string instrument_String section
382696__oymaldonado__sad-moody-strings-freesound-org 3.wav,082Music_Musical instrument_Bowed string instrument_String section
183182__setuniman__plucked-0z42 1.wav,083Music_Musical instrument_Bowed string instrument_Violin_ fiddle_Pizzicato
183182__setuniman__plucked-0z42 2.wav,083Music_Musical instrument_Bowed string instrument_Violin_ fiddle_Pizzicato
61811__benboncan__last-post 1_perfect.wav,084Music_Musical instrument_Brass instrument_Bugle
61811__benboncan__last-post 2.wav,084Music_Musical instrument_Brass instrument_Bugle
61811__benboncan__last-post 3.wav,084Music_Musical instrument_Brass instrument_Bugle
62050__benboncan__last-post-2 1.wav,084Music_Musical instrument_Brass instrument_Bugle
62050__benboncan__last-post-2 2.wav,084Music_Musical instrument_Brass instrument_Bugle
62050__benboncan__last-post-2 3.wav,084Music_Musical instrument_Brass instrument_Bugle
62050__benboncan__last-post-2 4.wav,084Music_Musical instrument_Brass instrument_Bugle
62309__benboncan__last-post-3 1.wav,084Music_Musical instrument_Brass instrument_Bugle
62309__benboncan__last-post-3 2.wav,084Music_Musical instrument_Brass instrument_Bugle
62309__benboncan__last-post-3 3.wav,084Music_Musical instrument_Brass instrument_Bugle
185434__thatjeffcarter__muted-cornet-3 1.wav,085Music_Musical instrument_Brass instrument_Cornet
185434__thatjeffcarter__muted-cornet-3 2.wav,085Music_Musical instrument_Brass instrument_Cornet
185435__thatjeffcarter__muted-cornet-2 1.wav,085Music_Musical instrument_Brass instrument_Cornet
185435__thatjeffcarter__muted-cornet-2 2.wav,085Music_Musical instrument_Brass instrument_Cornet
361677__taranp__horncall-beethoven7-amajor-2.wav,086Music_Musical instrument_Brass instrument_French horn
361677__taranp__horncall-beethoven7-amajor.wav,086Music_Musical instrument_Brass instrument_French horn
130084__thatjeffcarter__trombone-3a_perfect.wav,087Music_Musical instrument_Brass instrument_Trombone
130084__thatjeffcarter__trombone-3a.wav,087Music_Musical instrument_Brass instrument_Trombone
323027__stanrams__trombone-sample-stan-rams 1.wav,087Music_Musical instrument_Brass instrument_Trombone
323027__stanrams__trombone-sample-stan-rams 2.wav,087Music_Musical instrument_Brass instrument_Trombone
319982__genghis-attenborough__brno-church-service-edit 1.wav,089Music_Musical instrument_Choir
319982__genghis-attenborough__brno-church-service-edit 2.wav,089Music_Musical instrument_Choir
79974__sirmxe__harpsichord-szolo 1_perfect.wav,093Music_Musical instrument_Keyboard (musical)_Harpsichord
79974__sirmxe__harpsichord-szolo 2.wav,093Music_Musical instrument_Keyboard (musical)_Harpsichord
79974__sirmxe__harpsichord-szolo 3.wav,093Music_Musical instrument_Keyboard (musical)_Harpsichord
115330__timbre__before-after-remix-of-15154-jovica-organ-pad-g-4-2 1.wav,094Music_Musical instrument_Keyboard (musical)_Organ_Electronic organ
115330__timbre__before-after-remix-of-15154-jovica-organ-pad-g-4-2 2.wav,094Music_Musical instrument_Keyboard (musical)_Organ_Electronic organ
115331__timbre__remix-of-15154-jovica-organ-pad-g-4 1.wav,094Music_Musical instrument_Keyboard (musical)_Organ_Electronic organ
115331__timbre__remix-of-15154-jovica-organ-pad-g-4_1 w.wav,094Music_Musical instrument_Keyboard (musical)_Organ_Electronic organ
115331__timbre__remix-of-15154-jovica-organ-pad-g-4_2.wav,094Music_Musical instrument_Keyboard (musical)_Organ_Electronic organ
102047__timbre__remix-101137-cgeffex-play-ball-before-after-bassy-baseball-arena-effect 1_perfect.wav,095Music_Musical instrument_Keyboard (musical)_Organ_Hammond organ
102047__timbre__remix-101137-cgeffex-play-ball-before-after-bassy-baseball-arena-effect 2.wav,095Music_Musical instrument_Keyboard (musical)_Organ_Hammond organ
158628__mrauralization__hammond-tonewheel-organ 1.wav,095Music_Musical instrument_Keyboard (musical)_Organ_Hammond organ
158628__mrauralization__hammond-tonewheel-organ 2.wav,095Music_Musical instrument_Keyboard (musical)_Organ_Hammond organ
55861__erh__e-pianornp-38 1_perfect.wav,096Music_Musical instrument_Keyboard (musical)_Piano_Electric piano
55861__erh__e-pianornp-38 2.wav,096Music_Musical instrument_Keyboard (musical)_Piano_Electric piano
55861__erh__e-pianornp-38 3.wav,096Music_Musical instrument_Keyboard (musical)_Piano_Electric piano
368407__stellarartwars15__doa-flute-120bpm-1 1_perfect.wav,097Music_Musical instrument_Keyboard (musical)_Synthesizer_Mellotron
120711__bruno-ph__new-2 1.wav,097Music_Musical instrument_Keyboard (musical)_Synthesizer_Mellotron
120711__bruno-ph__new-2 2.wav,097Music_Musical instrument_Keyboard (musical)_Synthesizer_Mellotron
150429__bruno-ph__new-theme-6 1.wav,097Music_Musical instrument_Keyboard (musical)_Synthesizer_Mellotron
150429__bruno-ph__new-theme-6 2.wav,097Music_Musical instrument_Keyboard (musical)_Synthesizer_Mellotron
150429__bruno-ph__new-theme-6 3.wav,097Music_Musical instrument_Keyboard (musical)_Synthesizer_Mellotron
150429__bruno-ph__new-theme-6 4.wav,097Music_Musical instrument_Keyboard (musical)_Synthesizer_Mellotron
368407__stellarartwars15__doa-flute-120bpm-1 2.wav,097Music_Musical instrument_Keyboard (musical)_Synthesizer_Mellotron
341795__kickhat__freesound-strings-attack.wav,099Music_Musical instrument_Musical ensemble
352531__vintproykt__challenging-countdown-20s 1.wav,099Music_Musical instrument_Musical ensemble
352531__vintproykt__challenging-countdown-20s 2.wav,099Music_Musical instrument_Musical ensemble
160675__setuniman__melancholic-intro-0q-35mi3 1.wav,100Music_Musical instrument_Orchestra
160675__setuniman__melancholic-intro-0q-35mi3 2.wav,100Music_Musical instrument_Orchestra
185347__lemoncreme__symphony-sounds.wav,100Music_Musical instrument_Orchestra
137557__quartertone__hh13inkz-eho-v01.wav,102Music_Musical instrument_Percussion_Cymbal_Crash Cymbal
137582__quartertone__hh13inkz-eso-v10.wav,102Music_Musical instrument_Percussion_Cymbal_Crash Cymbal
137667__quartertone__hh13inkz-bwho-v06.wav,102Music_Musical instrument_Percussion_Cymbal_Crash Cymbal
137667__quartertone__hh13inkz-bwho-v06_perfect.wav,103Music_Musical instrument_Percussion_Cymbal_Hi-hat
137557__quartertone__hh13inkz-eho-v01.wav,103Music_Musical instrument_Percussion_Cymbal_Hi-hat
137582__quartertone__hh13inkz-eso-v10.wav,103Music_Musical instrument_Percussion_Cymbal_Hi-hat
375433__samulis__snare-snare2-rimshot-ff-.wav,107Music_Musical instrument_Percussion_Drum_Snare drum_Rimshot
375433__samulis__snare-snare2-rimshot-ff-1.wav,107Music_Musical instrument_Percussion_Drum_Snare drum_Rimshot
77305__bigjoedrummer__buzz-roll 1.wav,107Music_Musical instrument_Percussion_Drum_Snare drum_Rimshot
77305__bigjoedrummer__buzz-roll 2.wav,107Music_Musical instrument_Percussion_Drum_Snare drum_Rimshot
117066__tuberatanka__glockenspiel2 1.wav,111Music_Musical instrument_Percussion_Mallet percussion_Glockenspiel
117066__tuberatanka__glockenspiel2 2.wav,111Music_Musical instrument_Percussion_Mallet percussion_Glockenspiel
261830__setuniman__never-mind-1l23 1.wav,112Music_Musical instrument_Percussion_Mallet percussion_Marimba_ xylophone
261830__setuniman__never-mind-1l23 2.wav,112Music_Musical instrument_Percussion_Mallet percussion_Marimba_ xylophone
263884__jarredgibb__large-bamboo-maraca 1.wav,114Music_Musical instrument_Percussion_Rattle (instrument)_Maraca
263884__jarredgibb__large-bamboo-maraca 2.wav,114Music_Musical instrument_Percussion_Rattle (instrument)_Maraca
263884__jarredgibb__large-bamboo-maraca 3.wav,114Music_Musical instrument_Percussion_Rattle (instrument)_Maraca
115196__timbre__remix-of-104372-rutgermuller-metal-tube-rolling-www 1.wav,116Music_Musical instrument_Percussion_Tubular bells
115196__timbre__remix-of-104372-rutgermuller-metal-tube-rolling-www 2.wav,116Music_Musical instrument_Percussion_Tubular bells
76942__robinhood76__01176-wooden-windbells-on-wind-8 1.wav,116Music_Musical instrument_Percussion_Tubular bells
76942__robinhood76__01176-wooden-windbells-on-wind-8 2.wav,116Music_Musical instrument_Percussion_Tubular bells
76942__robinhood76__01176-wooden-windbells-on-wind-8 3.wav,116Music_Musical instrument_Percussion_Tubular bells
275467__adharca__wooden-rods 1.wav,117Music_Musical instrument_Percussion_Wood block
275467__adharca__wooden-rods 2.wav,117Music_Musical instrument_Percussion_Wood block
213094__soundsexciting__synth-banjo 1.wav,118Music_Musical instrument_Plucked string instrument_Banjo
213094__soundsexciting__synth-banjo 2.wav,118Music_Musical instrument_Plucked string instrument_Banjo
361342__adnova__barn-job 1.wav,118Music_Musical instrument_Plucked string instrument_Banjo
361342__adnova__barn-job 2.wav,118Music_Musical instrument_Plucked string instrument_Banjo
250750__joshuaempyre__chill-guitar-with-drums-loop 1.wav,119Music_Musical instrument_Plucked string instrument_Guitar_Acoustic guitar
250750__joshuaempyre__chill-guitar-with-drums-loop 2.wav,119Music_Musical instrument_Plucked string instrument_Guitar_Acoustic guitar
14351__texasmusicforge__feta2.wav,125Music_Musical instrument_Plucked string instrument_Mandolin
22452__haku-cordero__plucked-strings-1.wav,125Music_Musical instrument_Plucked string instrument_Mandolin
14351__texasmusicforge__feta2.wav,125Music_Musical instrument_Plucked string instrument_Mandolin
168659__lucasgonze__home-sweet-home1.wav,125Music_Musical instrument_Plucked string instrument_Mandolin
168659__lucasgonze__home-sweet-home2.wav,125Music_Musical instrument_Plucked string instrument_Mandolin
22452__haku-cordero__plucked-strings-1.wav,125Music_Musical instrument_Plucked string instrument_Mandolin
90058__cottager__sad-mandolin.wav,125Music_Musical instrument_Plucked string instrument_Mandolin
90058__cottager__sad-mandolin2.wav,125Music_Musical instrument_Plucked string instrument_Mandolin
169133__qubodup__ukulele-pling-plang1.wav,127Music_Musical instrument_Plucked string instrument_Ukulele
169133__qubodup__ukulele-pling-plang2.wav,127Music_Musical instrument_Plucked string instrument_Ukulele
169133__qubodup__ukulele-pling-plang3.wav,127Music_Musical instrument_Plucked string instrument_Ukulele
238567__bronxio__example-of-the-sample-scratch-uh-paaah-1-with-a-beat_2_PERFECT.wav,129Music_Musical instrument_Scratching (performance technique)
151822__templeofhades__scratch-sample_1.wav,129Music_Musical instrument_Scratching (performance technique)
151822__templeofhades__scratch-sample_2.wav,129Music_Musical instrument_Scratching (performance technique)
164808__touchassembly__93bpm-jackgarrison-scratch-dubs1_1.wav,129Music_Musical instrument_Scratching (performance technique)
164808__touchassembly__93bpm-jackgarrison-scratch-dubs1_2.wav,129Music_Musical instrument_Scratching (performance technique)
164808__touchassembly__93bpm-jackgarrison-scratch-dubs1_3.wav,129Music_Musical instrument_Scratching (performance technique)
238567__bronxio__example-of-the-sample-scratch-uh-paaah-1-with-a-beat_1.wav,129Music_Musical instrument_Scratching (performance technique)
131930__mcpable__industrial-air-horn.wav,148Sounds of things_Alarm_Air horn_ truck horn
174819__goose278__air-horn-close-and-loud.wav,148Sounds of things_Alarm_Air horn_ truck horn
383598__newagesoup__bicycle-bell-07_PERFECT.wav,150Sounds of things_Alarm_Bicycle bell
323127__geraldfiebig__bicycle-bell-from-bikekitchen-augsburg-07.wav,150Sounds of things_Alarm_Bicycle bell
383597__newagesoup__bicycle-bell-08.wav,150Sounds of things_Alarm_Bicycle bell
383601__newagesoup__bicycle-bell-10.wav,150Sounds of things_Alarm_Bicycle bell
383630__newagesoup__bicycle-bell-15.wav,150Sounds of things_Alarm_Bicycle bell
78958__plivesey__bike-bell.wav,150Sounds of things_Alarm_Bicycle bell
150981__soundingoffagain__caralarm.wav,152Sounds of things_Alarm_Car alarm
185474__qubodup__car-alarm.wav,152Sounds of things_Alarm_Car alarm
190647__timbre__car-alarm-130603.wav,152Sounds of things_Alarm_Car alarm
340898__passairmangrace__caralarm-stereo-bip.wav,152Sounds of things_Alarm_Car alarm
383219__kinoton__car-alarm-siren.wav,152Sounds of things_Alarm_Car alarm
51747__erkanozan__car-alarm-in-parking-structure.wav,152Sounds of things_Alarm_Car alarm
81072__bennstir__doorbell-1_PERFECT.wav,153Sounds of things_Alarm_Doorbell_Ding-dong
81072__bennstir__doorbell-1.wav,153Sounds of things_Alarm_Doorbell_Ding-dong
210513__nigelcoop__fire-alarm_PERFECT.wav,154Sounds of things_Alarm_Fire alarm
210513__nigelcoop__fire-alarm.wav,154Sounds of things_Alarm_Fire alarm
184623__landub__ambulance-siren_PERFECT.wav,156Sounds of things_Alarm_Siren_Ambulance (siren)
238228__eaglechopper__ambulence-warning-loud.wav,156Sounds of things_Alarm_Siren_Ambulance (siren)
341553__dggrunzweig__ambulance.wav,156Sounds of things_Alarm_Siren_Ambulance (siren)
350949__theblockofsound235__ambulance-passing-wail-and-yelp.wav,156Sounds of things_Alarm_Siren_Ambulance (siren)
94636__dobroide__20100403-brussels-ambulance.wav,156Sounds of things_Alarm_Siren_Ambulance (siren)
111901__paubg-pou__bombers_PERFECT.wav,158Sounds of things_Alarm_Siren_Fire engine_ fire truck (siren)
139324__mxsmanic__parisian-fire-truck-siren.wav,158Sounds of things_Alarm_Siren_Fire engine_ fire truck (siren)
175914__admnaismith__lafiresiren.wav,158Sounds of things_Alarm_Siren_Fire engine_ fire truck (siren)
315758__contramundum__fire-truck-siren.wav,158Sounds of things_Alarm_Siren_Fire engine_ fire truck (siren)
377125__sandermotions__fire-truck-large.wav,158Sounds of things_Alarm_Siren_Fire engine_ fire truck (siren)
52906__vlammenos__police-siren_PERFECT.wav,159Sounds of things_Alarm_Siren_Police car (siren)
111671__fatlane__policesiren.wav,159Sounds of things_Alarm_Siren_Police car (siren)
135720__ikbenraar__police-motorcycle-sirene-clean.wav,159Sounds of things_Alarm_Siren_Police car (siren)
156869__multimax2121__police-siren.wav,159Sounds of things_Alarm_Siren_Police car (siren)
62878__mungous__police-siren2.wav,159Sounds of things_Alarm_Siren_Police car (siren)
178817__felfa__dtmf-dial_01_perfect.wav,165Sounds of things_Alarm_Telephone_Telephone dialing_ DTMF
178817__felfa__dtmf-dial_02.wav,165Sounds of things_Alarm_Telephone_Telephone dialing_ DTMF
178817__felfa__dtmf-dial_03.wav,165Sounds of things_Alarm_Telephone_Telephone dialing_ DTMF
178817__felfa__dtmf-dial_04.wav,165Sounds of things_Alarm_Telephone_Telephone dialing_ DTMF
178817__felfa__dtmf-dial_05.wav,165Sounds of things_Alarm_Telephone_Telephone dialing_ DTMF
178817__felfa__dtmf-dial_06.wav,165Sounds of things_Alarm_Telephone_Telephone dialing_ DTMF
178817__felfa__dtmf-dial_07.wav,165Sounds of things_Alarm_Telephone_Telephone dialing_ DTMF
178817__felfa__dtmf-dial_08.wav,165Sounds of things_Alarm_Telephone_Telephone dialing_ DTMF
178817__felfa__dtmf-dial_09.wav,165Sounds of things_Alarm_Telephone_Telephone dialing_ DTMF
178817__felfa__dtmf-dial_10.wav,165Sounds of things_Alarm_Telephone_Telephone dialing_ DTMF
182474__keweldog__car-horn.wav,166Sounds of things_Alarm_Vehicle horn_ car horn_ honking_Toot
196139__biblicalbricksproductions__car-honk.wav,166Sounds of things_Alarm_Vehicle horn_ car horn_ honking_Toot
217138__lonemonk__1964-chrysler-horn-honk-short.wav,166Sounds of things_Alarm_Vehicle horn_ car horn_ honking_Toot
271509__harrietniamh__wind-chimes.wav,168Sounds of things_Bell_Chime_Wind chime
158199__davilca__sfx-creaks-1_1.wav,173Sounds of things_Domestic sounds_ home sounds_Cupboard open or close
158199__davilca__sfx-creaks-1_2.wav,173Sounds of things_Domestic sounds_ home sounds_Cupboard open or close
158199__davilca__sfx-creaks-1_3.wav,173Sounds of things_Domestic sounds_ home sounds_Cupboard open or close
120491__lth-stp__knock-7x.wav,176Sounds of things_Domestic sounds_ home sounds_Door_Knock
256513__hunter4708__knock-on-the-door.wav,176Sounds of things_Domestic sounds_ home sounds_Door_Knock
267931__anagar__knock-the-door.wav,176Sounds of things_Domestic sounds_ home sounds_Door_Knock
383761__deleted-user-7146007__knocking-knock-on-a-door.wav,176Sounds of things_Domestic sounds_ home sounds_Door_Knock
202544__deraj__cards-shuffling_1.wav,188Sounds of things_Domestic sounds_ home sounds_Shuffling cards
202544__deraj__cards-shuffling_2.wav,188Sounds of things_Domestic sounds_ home sounds_Shuffling cards
202544__deraj__cards-shuffling_3.wav,188Sounds of things_Domestic sounds_ home sounds_Shuffling cards
202544__deraj__cards-shuffling_4.wav,188Sounds of things_Domestic sounds_ home sounds_Shuffling cards
351927__megamanxstream__filling-a-pan-with-water_PERFECT.wav,189Sounds of things_Domestic sounds_ home sounds_Sink (filling or washing)
351927__megamanxstream__filling-a-pan-with-water.wav,196Sounds of things_Domestic sounds_ home sounds_Water tap_ faucet
55020__acclivity__dentaldrill_1_PERFECT.wav,204Sounds of things_Engine_Light engine (high frequency)_Dental drill_ dentist_s drill
141512__cheeseheadburger__dentist-drill_1.wav,204Sounds of things_Engine_Light engine (high frequency)_Dental drill_ dentist_s drill
141512__cheeseheadburger__dentist-drill_2.wav,204Sounds of things_Engine_Light engine (high frequency)_Dental drill_ dentist_s drill
55020__acclivity__dentaldrill_2.wav,204Sounds of things_Engine_Light engine (high frequency)_Dental drill_ dentist_s drill
55020__acclivity__dentaldrill_3.wav,204Sounds of things_Engine_Light engine (high frequency)_Dental drill_ dentist_s drill
55731__boilingsand__080623-hi-speed-handpiece_1.wav,204Sounds of things_Engine_Light engine (high frequency)_Dental drill_ dentist_s drill
55731__boilingsand__080623-hi-speed-handpiece_2.wav,204Sounds of things_Engine_Light engine (high frequency)_Dental drill_ dentist_s drill
55731__boilingsand__080623-hi-speed-handpiece_3.wav,204Sounds of things_Engine_Light engine (high frequency)_Dental drill_ dentist_s drill
83486__bsumusictech__motorcycle2.wav,206Sounds of things_Engine_Medium engine (mid frequency)
170419__eelke__bang-01-clean.wav,208Sounds of things_Explosion_Burst_ pop
273717__0m0s_cydon__vulcano.wav,209Sounds of things_Explosion_Eruption
273717__2m04s_cydon__vulcano.wav,209Sounds of things_Explosion_Eruption
273717__2m36s_cydon__vulcano.wav,209Sounds of things_Explosion_Eruption
367486__andy-gardner__firework_25s.wav,210Sounds of things_Explosion_Fireworks_Firecracker
367486__andy-gardner__firework_56s.wav,210Sounds of things_Explosion_Fireworks_Firecracker
182822__qubodup__artillery-shots.wav,211Sounds of things_Explosion_Gunshot_ gunfire_Artillery fire
182822__qubodup__artillery-shots_2.wav,211Sounds of things_Explosion_Gunshot_ gunfire_Artillery fire
182822__qubodup__artillery-shots_3.wav,211Sounds of things_Explosion_Gunshot_ gunfire_Artillery fire
133796__julien-nicolas__fusillade_perfect.wav,213Sounds of things_Explosion_Gunshot_ gunfire_Fusillade
133796__julien-nicolas__fusillade_2.wav,213Sounds of things_Explosion_Gunshot_ gunfire_Fusillade
170478__cheeseheadburger__distant-ww2-gunfire-kent_1.wav,213Sounds of things_Explosion_Gunshot_ gunfire_Fusillade
170478__cheeseheadburger__distant-ww2-gunfire-kent_2.wav,213Sounds of things_Explosion_Gunshot_ gunfire_Fusillade
326442__alanmcki__battle-war-zone-gun-fight_1.wav,213Sounds of things_Explosion_Gunshot_ gunfire_Fusillade
326442__alanmcki__battle-war-zone-gun-fight_2.wav,213Sounds of things_Explosion_Gunshot_ gunfire_Fusillade
326442__alanmcki__battle-war-zone-gun-fight_3.wav,213Sounds of things_Explosion_Gunshot_ gunfire_Fusillade
360453__gowlermusic__cash-register_1.wav,229Sounds of things_Mechanisms_Cash register
360453__gowlermusic__cash-register_2.wav,229Sounds of things_Mechanisms_Cash register
360453__gowlermusic__cash-register_3.wav,229Sounds of things_Mechanisms_Cash register
360453__gowlermusic__cash-register_4.wav,229Sounds of things_Mechanisms_Cash register
78563__joedeshon__alarm-clock-ticking-01_perfect.wav,230Sounds of things_Mechanisms_Clock_Tick
256477__rollo145__ticking-clock-large.wav,230Sounds of things_Mechanisms_Clock_Tick
264498__foolboymedia__tick-tock.wav,230Sounds of things_Mechanisms_Clock_Tick
321582__sevin7__clock-ticking.wav,230Sounds of things_Mechanisms_Clock_Tick
343130__inspectorj__ticking-clock-a.wav,230Sounds of things_Mechanisms_Clock_Tick
75326__nemodaedalus__wuc-ticking-w-bell-trigger-at-18s.wav,230Sounds of things_Mechanisms_Clock_Tick
256477__rollo145__ticking-clock-large.wav,231Sounds of things_Mechanisms_Clock_Tick-tock
264498__foolboymedia__tick-tock.wav,231Sounds of things_Mechanisms_Clock_Tick-tock
321582__sevin7__clock-ticking.wav,231Sounds of things_Mechanisms_Clock_Tick-tock
343130__inspectorj__ticking-clock-a.wav,231Sounds of things_Mechanisms_Clock_Tick-tock
75326__nemodaedalus__wuc-ticking-w-bell-trigger-at-18s.wav,231Sounds of things_Mechanisms_Clock_Tick-tock
78563__joedeshon__alarm-clock-ticking-01.wav,231Sounds of things_Mechanisms_Clock_Tick-tock
187261__jonnyhoff91__duck_perfect.wav,239Sounds of things_Miscellaneous sources_Duck call (hunting tool)
327687__juan-merie-venter__ball-bouncing.wav,241Sounds of things_Specific impact sounds_Basketball bounce
366727__1san__sanding-of-soft-wood-coarse-sandpaper_2_perfect.wav,246Sounds of things_Tools_Sanding
126377__eelke__sand-paper_short.wav,246Sounds of things_Tools_Sanding
126377__eelke__sand-paper_short_and_rub.wav,246Sounds of things_Tools_Sanding
204948__capslok__sanding-a-piece-of-wood_bursts_and_rubs.wav,246Sounds of things_Tools_Sanding
204948__capslok__sanding-a-piece-of-wood_single_passes.wav,246Sounds of things_Tools_Sanding
366727__1san__sanding-of-soft-wood-coarse-sandpaper_1.wav,246Sounds of things_Tools_Sanding
340802__akc1231__helicopter_perfect.wav,250Sounds of things_Vehicle_Aircraft_Helicopter
340802__akc1231__helicopter_2.wav,250Sounds of things_Vehicle_Aircraft_Helicopter
319093__klankbeeld__yachts-on-the-river-150801-0713-ms.wav,251Sounds of things_Vehicle_Boat_ Water vehicle_Motorboat_ speedboat
319093__klankbeeld__yachts-on-the-river-150801-0713-ms_2.wav,251Sounds of things_Vehicle_Boat_ Water vehicle_Motorboat_ speedboat
319093__klankbeeld__yachts-on-the-river-150801-0713-ms_3.wav,251Sounds of things_Vehicle_Boat_ Water vehicle_Motorboat_ speedboat
251518__ylearkisto__kajakki-melonta-kanootti-canoeing-a-plastic-canoe-kayak-paddling-on-a-calm-lake-going_perfect.wav,252Sounds of things_Vehicle_Boat_ Water vehicle_Rowboat_ canoe_ kayak
23705__hazure__rowing.wav,252Sounds of things_Vehicle_Boat_ Water vehicle_Rowboat_ canoe_ kayak
23705__hazure__rowing_2.wav,252Sounds of things_Vehicle_Boat_ Water vehicle_Rowboat_ canoe_ kayak
251518__ylearkisto__kajakki-melonta-kanootti-canoeing-a-plastic-canoe-kayak-paddling-on-a-calm-lake-going_2.wav,252Sounds of things_Vehicle_Boat_ Water vehicle_Rowboat_ canoe_ kayak
319093__klankbeeld__yachts-on-the-river-150801-0713-ms_1.wav,254Sounds of things_Vehicle_Boat_ Water vehicle_Ship
319093__klankbeeld__yachts-on-the-river-150801-0713-ms_2.wav,254Sounds of things_Vehicle_Boat_ Water vehicle_Ship
319093__klankbeeld__yachts-on-the-river-150801-0713-ms_3.wav,254Sounds of things_Vehicle_Boat_ Water vehicle_Ship
383219__kinoton__car-alarm-siren_perfect.wav,256Sounds of things_Vehicle_Motor vehicle (road)_Car_Car alarm
150981__soundingoffagain__caralarm.wav,256Sounds of things_Vehicle_Motor vehicle (road)_Car_Car alarm
185474__qubodup__car-alarm.wav,256Sounds of things_Vehicle_Motor vehicle (road)_Car_Car alarm
190647__timbre__car-alarm-130603.wav,256Sounds of things_Vehicle_Motor vehicle (road)_Car_Car alarm
340898__passairmangrace__caralarm-stereo-bip.wav,256Sounds of things_Vehicle_Motor vehicle (road)_Car_Car alarm
51747__erkanozan__car-alarm-in-parking-structure.wav,256Sounds of things_Vehicle_Motor vehicle (road)_Car_Car alarm
161971__rtb45__shanghai-formula-1-grand-prix_1.wav,259Sounds of things_Vehicle_Motor vehicle (road)_Car_Race car_ auto racing
161971__rtb45__shanghai-formula-1-grand-prix_2.wav,259Sounds of things_Vehicle_Motor vehicle (road)_Car_Race car_ auto racing
182474__keweldog__car-horn.wav,261Sounds of things_Vehicle_Motor vehicle (road)_Car_Vehicle horn_ car horn_ honking_Toot
196139__biblicalbricksproductions__car-honk.wav,261Sounds of things_Vehicle_Motor vehicle (road)_Car_Vehicle horn_ car horn_ honking_Toot
217138__lonemonk__1964-chrysler-horn-honk-short.wav,261Sounds of things_Vehicle_Motor vehicle (road)_Car_Vehicle horn_ car horn_ honking_Toot
341553__dggrunzweig__ambulance_perfect.wav,262Sounds of things_Vehicle_Motor vehicle (road)_Emergency vehicle_Ambulance (siren)
184623__landub__ambulance-siren.wav,262Sounds of things_Vehicle_Motor vehicle (road)_Emergency vehicle_Ambulance (siren)
238228__eaglechopper__ambulence-warning-loud.wav,262Sounds of things_Vehicle_Motor vehicle (road)_Emergency vehicle_Ambulance (siren)
350949__theblockofsound235__ambulance-passing-wail-and-yelp.wav,262Sounds of things_Vehicle_Motor vehicle (road)_Emergency vehicle_Ambulance (siren)
94636__dobroide__20100403-brussels-ambulance.wav,262Sounds of things_Vehicle_Motor vehicle (road)_Emergency vehicle_Ambulance (siren)
175914__admnaismith__lafiresiren_perfect.wav,263Sounds of things_Vehicle_Motor vehicle (road)_Emergency vehicle_Fire engine_ fire truck (siren)
111901__paubg-pou__bombers.wav,263Sounds of things_Vehicle_Motor vehicle (road)_Emergency vehicle_Fire engine_ fire truck (siren)
111901__paubg-pou__bombers_1.wav,263Sounds of things_Vehicle_Motor vehicle (road)_Emergency vehicle_Fire engine_ fire truck (siren)
111901__paubg-pou__bombers_2.wav,263Sounds of things_Vehicle_Motor vehicle (road)_Emergency vehicle_Fire engine_ fire truck (siren)
139324__mxsmanic__parisian-fire-truck-siren.wav,263Sounds of things_Vehicle_Motor vehicle (road)_Emergency vehicle_Fire engine_ fire truck (siren)
315758__contramundum__fire-truck-siren.wav,263Sounds of things_Vehicle_Motor vehicle (road)_Emergency vehicle_Fire engine_ fire truck (siren)
377125__sandermotions__fire-truck-large.wav,263Sounds of things_Vehicle_Motor vehicle (road)_Emergency vehicle_Fire engine_ fire truck (siren)
156869__multimax2121__police-siren_perfect.wav,264Sounds of things_Vehicle_Motor vehicle (road)_Emergency vehicle_Police car (siren)
111671__fatlane__policesiren.wav,264Sounds of things_Vehicle_Motor vehicle (road)_Emergency vehicle_Police car (siren)
135720__ikbenraar__police-motorcycle-sirene-clean.wav,264Sounds of things_Vehicle_Motor vehicle (road)_Emergency vehicle_Police car (siren)
325280__adam-n__sirens_wail.wav,264Sounds of things_Vehicle_Motor vehicle (road)_Emergency vehicle_Police car (siren)
325280__adam-n__sirens_yelp.wav,264Sounds of things_Vehicle_Motor vehicle (road)_Emergency vehicle_Police car (siren)
52906__vlammenos__police-siren.wav,264Sounds of things_Vehicle_Motor vehicle (road)_Emergency vehicle_Police car (siren)
62878__mungous__police-siren2.wav,264Sounds of things_Vehicle_Motor vehicle (road)_Emergency vehicle_Police car (siren)
83486__bsumusictech__motorcycle2.wav,265Sounds of things_Vehicle_Motor vehicle (road)_Motorcycle
167428__beroland1__trucksequence_1_perfect.wav,267Sounds of things_Vehicle_Motor vehicle (road)_Truck_Air brake
167428__beroland1__trucksequence_2.wav,267Sounds of things_Vehicle_Motor vehicle (road)_Truck_Air brake
131930__mcpable__industrial-air-horn_PERFECT.wav,268Sounds of things_Vehicle_Motor vehicle (road)_Truck_Air horn_ truck horn
174819__goose278__air-horn-close-and-loud.wav,268Sounds of things_Vehicle_Motor vehicle (road)_Truck_Air horn_ truck horn
198837__bone666138__36-chevy-truck-horn.wav,268Sounds of things_Vehicle_Motor vehicle (road)_Truck_Air horn_ truck horn
198837__bone666138__36-chevy-truck-horn_2.wav,268Sounds of things_Vehicle_Motor vehicle (road)_Truck_Air horn_ truck horn
328825__magedu__bicycle-bell-02.wav,271Sounds of things_Vehicle_Non-motorized land vehicle_Bicycle_Bicycle bell
378912__13gkopeckak__bell.wav,271Sounds of things_Vehicle_Non-motorized land vehicle_Bicycle_Bicycle bell
383630__newagesoup__bicycle-bell-15.wav,271Sounds of things_Vehicle_Non-motorized land vehicle_Bicycle_Bicycle bell
109357__soundcollectah__dry-branches-cracking.wav,279Sounds of things_Wood_Crack
365815__mountain852__breaking-sticks_perfect.wav,280Sounds of things_Wood_Snap
108274__klakmart__snappingbamboo.wav,280Sounds of things_Wood_Snap
369986__northern87__branches-snapping-northern87.wav,280Sounds of things_Wood_Snap
108274__klakmart__snappingbamboo.wav,281Sounds of things_Wood_Splinter
109357__soundcollectah__dry-branches-cracking.wav,281Sounds of things_Wood_Splinter
365815__mountain852__breaking-sticks.wav,281Sounds of things_Wood_Splinter
369986__northern87__branches-snapping-northern87.wav,281Sounds of things_Wood_Splinter
170419__eelke__bang-01-clean.wav,285Source-ambiguous sounds_Generic impact sounds_Bang
327687__juan-merie-venter__ball-bouncing.wav,286Source-ambiguous sounds_Generic impact sounds_Bouncing
344272__inspectorj__glass-smash-bottle-e.wav,287Source-ambiguous sounds_Generic impact sounds_Breaking
120491__lth-stp__knock-7x.wav,289Source-ambiguous sounds_Generic impact sounds_Knock
256513__hunter4708__knock-on-the-door.wav,289Source-ambiguous sounds_Generic impact sounds_Knock
267931__anagar__knock-the-door.wav,289Source-ambiguous sounds_Generic impact sounds_Knock
383761__deleted-user-7146007__knocking-knock-on-a-door.wav,289Source-ambiguous sounds_Generic impact sounds_Knock
344272__inspectorj__glass-smash-bottle-e.wav,291Source-ambiguous sounds_Generic impact sounds_Smash_ crash
141170__project-trident__brutal-kung-fu-punches_3_perfect.wav,295Source-ambiguous sounds_Generic impact sounds_Whack_ thwack
141169__project-trident__kung-fu-punches_1.wav,295Source-ambiguous sounds_Generic impact sounds_Whack_ thwack
141169__project-trident__kung-fu-punches_2.wav,295Source-ambiguous sounds_Generic impact sounds_Whack_ thwack
141170__project-trident__brutal-kung-fu-punches.wav,295Source-ambiguous sounds_Generic impact sounds_Whack_ thwack
141170__project-trident__brutal-kung-fu-punches_4.wav,295Source-ambiguous sounds_Generic impact sounds_Whack_ thwack